SeasonType,Season,Team,Score,OpponentScore,TotalScore,ScoreQuarter1,ScoreQuarter2,ScoreQuarter3,ScoreQuarter4,ScoreOvertime,TimeOfPossession,FirstDowns,FirstDownsByRushing,FirstDownsByPassing,FirstDownsByPenalty,OffensivePlays,OffensiveYards,OffensiveYardsPerPlay,Touchdowns,RushingAttempts,RushingYards,RushingYardsPerAttempt,RushingTouchdowns,PassingAttempts,PassingCompletions,PassingYards,PassingTouchdowns,PassingInterceptions,PassingYardsPerAttempt,PassingYardsPerCompletion,CompletionPercentage,PasserRating,ThirdDownAttempts,ThirdDownConversions,ThirdDownPercentage,FourthDownAttempts,FourthDownConversions,FourthDownPercentage,RedZoneAttempts,RedZoneConversions,GoalToGoAttempts,GoalToGoConversions,Penalties,PenaltyYards,Fumbles,FumblesLost,TimesSacked,TimesSackedYards,QuarterbackHits,TacklesForLoss,Punts,PuntYards,PuntAverage,Giveaways,Takeaways,TurnoverDifferential,OpponentScoreQuarter1,OpponentScoreQuarter2,OpponentScoreQuarter3,OpponentScoreQuarter4,OpponentScoreOvertime,OpponentTimeOfPossession,OpponentFirstDowns,OpponentFirstDownsByRushing,OpponentFirstDownsByPassing,OpponentFirstDownsByPenalty,OpponentOffensivePlays,OpponentOffensiveYards,OpponentOffensiveYardsPerPlay,OpponentTouchdowns,OpponentRushingAttempts,OpponentRushingYards,OpponentRushingYardsPerAttempt,OpponentRushingTouchdowns,OpponentPassingAttempts,OpponentPassingCompletions,OpponentPassingYards,OpponentPassingTouchdowns,OpponentPassingInterceptions,OpponentPassingYardsPerAttempt,OpponentPassingYardsPerCompletion,OpponentCompletionPercentage,OpponentPasserRating,OpponentThirdDownAttempts,OpponentThirdDownConversions,OpponentThirdDownPercentage,OpponentFourthDownAttempts,OpponentFourthDownConversions,OpponentFourthDownPercentage,OpponentRedZoneAttempts,OpponentRedZoneConversions,OpponentGoalToGoAttempts,OpponentGoalToGoConversions,OpponentPenalties,OpponentPenaltyYards,OpponentFumbles,OpponentFumblesLost,OpponentTimesSacked,OpponentTimesSackedYards,OpponentQuarterbackHits,OpponentTacklesForLoss,OpponentPunts,OpponentPuntYards,OpponentPuntAverage,OpponentGiveaways,OpponentTakeaways,OpponentTurnoverDifferential,RedZonePercentage,GoalToGoPercentage,OpponentRedZonePercentage,OpponentGoalToGoPercentage,ExtraPointKickingAttempts,ExtraPointKickingConversions,ExtraPointsHadBlocked,ExtraPointPassingAttempts,ExtraPointPassingConversions,ExtraPointRushingAttempts,ExtraPointRushingConversions,FieldGoalAttempts,FieldGoalsMade,OpponentExtraPointKickingAttempts,OpponentExtraPointKickingConversions,OpponentExtraPointsHadBlocked,OpponentExtraPointPassingAttempts,OpponentExtraPointPassingConversions,OpponentExtraPointRushingAttempts,OpponentExtraPointRushingConversions,OpponentFieldGoalAttempts,OpponentFieldGoalsMade,SoloTackles,AssistedTackles,Sacks,SackYards,PassesDefended,FumblesForced,FumblesRecovered,OpponentSoloTackles,OpponentAssistedTackles,OpponentSacks,OpponentSackYards,OpponentPassesDefended,OpponentFumblesForced,OpponentFumblesRecovered,Games,TeamID
5,2018,AFC,26,7,33,7,10,3,6,0,,24,6,17,1,65,416,6.4,3,18,54,3,1,46,21,362,2,2,7.9,17.2,45.7,69.29,12,5,41.7,2,0,0,4,3,0,0,4,40,0,0,1,3,8,7,0,0,0,2,3,1,0,0,0,7,0,,10,2,6,2,45,148,3.3,1,9,47,5.2,0,29,14,101,1,3,3.5,7.2,48.3,28.74,10,1,10.0,3,2,66.7,1,0,0,0,3,53,0,0,7,46,1,3,4,173,43.2,3,2,-1,75.0,0,0,0,2,2,0,2,0,0,0,3,2,1,1,0,0,0,0,0,0,0,27,6,7,46,6,1,0,38,4,1,3,9,0,1,1,36
1,2018,ARI,225,425,650,71,50,32,72,0,27:33,239,76,137,26,902,3865,4.3,27,355,1342,3.8,9,495,283,2523,15,18,5.1,8.9,57.2,65.91,199,58,29.1,16,6,37.5,28,18,0,0,101,786,10,10,52,361,94,118,94,4568,48.6,28,16,-12,87,158,100,80,0,33:27,357,139,186,32,1065,5741,5.4,50,510,2479,4.9,25,506,342,3262,21,7,6.4,9.5,67.6,93.34,205,78,38.0,13,8,61.5,53,33,0,0,100,790,9,9,49,333,111,101,79,3638,46.1,16,28,12,64.3,0,62.3,0,24,23,0,4,1,1,1,17,12,42,42,0,11,1,2,2,31,25,830,246,49,333,52,13,9,625,246,52,362,76,16,10,16,1
2,2018,ARI,81,56,137,28,20,17,16,0,27:03,47,14,26,7,205,821,4.0,9,95,351,3.7,3,103,57,470,3,1,4.6,8.2,55.3,72.88,50,11,22.0,1,1,100,7,5,0,0,38,337,1,1,7,44,18,21,29,1351,46.6,2,17,15,3,6,18,29,0,33:57,80,25,41,14,263,1310,5.0,5,100,432,4.3,2,149,102,878,3,7,5.9,8.6,68.5,70.82,55,18,32.7,4,3,75.0,11,4,0,0,36,348,10,10,14,99,20,19,17,823,48.4,17,2,-15,71.4,0,36.4,0,9,9,0,0,0,0,0,8,6,3,3,0,2,0,1,1,9,7,216,71,13,0,18,8,10,158,51,7,0,19,1,1,4,1
2,2018,ATL,27,96,123,10,17,0,0,0,26:14,51,14,33,4,228,988,4.3,3,88,286,3.2,1,129,66,702,2,4,5.4,10.6,51.2,59.64,53,17,32.1,8,1,12.5,7,3,0,0,29,228,1,1,11,50,19,23,25,1134,45.4,5,6,1,28,33,14,21,0,34:46,83,23,51,9,265,1349,5.1,12,120,415,3.5,4,134,99,934,6,4,7.0,9.4,73.9,95.18,60,28,46.7,6,4,66.7,11,7,0,0,25,209,2,2,11,56,21,28,17,776,45.6,6,5,-1,42.9,0,63.6,0,3,3,0,0,0,0,0,3,2,10,10,0,2,1,0,0,8,6,217,49,13,0,11,0,3,159,45,11,0,20,3,1,4,2
1,2018,ATL,414,423,837,64,141,72,137,0,30:36,352,84,238,30,1010,6226,6.2,49,351,1573,4.5,11,617,428,4653,36,7,7.5,10.9,69.4,106.03,203,92,45.3,19,10,52.6,50,32,0,0,101,899,11,11,42,296,79,68,60,2729,45.5,18,19,1,95,96,88,138,6,31:51,375,115,226,34,1031,6152,6.0,52,409,1999,4.9,16,585,398,4153,33,15,7.1,10.4,68.0,96.48,195,95,48.7,13,10,76.9,54,38,0,0,108,1001,4,4,37,255,111,106,60,2810,46.8,19,18,-1,64.0,0,70.4,0,43,41,0,11,2,0,0,26,25,44,41,0,10,0,2,2,22,22,712,320,37,256,72,7,4,745,187,41,281,68,15,12,16,2
1,2018,BAL,389,287,676,88,108,106,87,0,33:54,367,153,184,30,1135,5999,5.3,41,547,2441,4.5,19,556,334,3558,18,9,6.4,10.7,60.1,82.85,231,104,45.0,22,13,59.1,59,33,0,0,116,940,11,11,32,150,103,93,60,2842,47.4,20,17,-3,66,104,53,58,6,28:15,286,82,174,30,974,4687,4.8,33,354,1327,3.7,11,577,337,3360,21,12,5.8,10.0,58.4,78.48,211,72,34.1,20,10,50.0,41,26,0,0,113,1017,5,5,43,291,69,64,88,3849,43.7,17,20,3,55.9,0,63.4,0,37,36,0,5,0,1,1,39,35,29,27,0,7,1,0,0,26,20,656,242,42,282,88,8,5,787,313,32,152,77,13,12,16,3
3,2018,BAL,17,23,40,0,0,3,14,0,26:20,11,4,7,0,59,229,3.9,2,23,90,3.9,0,29,14,139,2,1,4.8,9.9,48.3,70.91,15,5,33.3,2,2,100,2,1,0,0,7,41,2,2,7,55,8,7,6,268,44.7,3,1,-2,6,6,0,11,0,33:40,14,3,8,3,66,243,3.7,1,33,89,2.7,1,32,22,154,0,0,4.8,7,68.8,79.43,17,6,35.3,1,1,100,3,1,0,0,5,35,1,1,1,6,10,9,5,177,35.4,1,3,2,50.0,0,33.3,0,2,2,0,0,0,0,0,2,1,0,0,0,2,1,0,0,6,5,56,17,1,6,1,1,1,42,15,7,55,6,2,2,1,3
2,2018,BAL,127,72,199,34,25,45,23,0,32:36,100,45,43,12,333,1612,4.8,13,171,795,4.6,4,144,85,817,8,3,5.7,9.6,59.0,84.75,67,17,25.4,4,4,100,17,9,0,0,33,267,2,2,18,98,42,28,26,1250,48.1,5,14,9,10,24,7,31,0,28:24,81,22,48,11,316,1325,4.2,9,106,449,4.2,0,189,104,876,8,9,4.6,8.4,55.0,61.52,76,24,31.6,11,3,27.3,16,8,0,0,47,365,5,5,21,168,23,32,28,1317,47.0,14,5,-9,52.9,0,50.0,0,13,13,0,0,0,0,0,17,12,7,7,0,5,0,0,0,5,4,234,84,20,23,30,5,4,253,107,18,47,21,2,2,5,3
2,2018,BUF,83,98,181,7,20,19,37,0,30:56,81,31,38,12,259,1357,5.2,11,108,535,5.0,3,135,80,822,8,3,6.1,10.3,59.3,87.33,54,21,38.9,4,2,50.0,13,8,0,0,39,329,0,0,16,104,13,23,21,931,44.3,3,2,-1,38,16,20,24,0,30:04,80,27,45,8,244,1350,5.5,11,117,435,3.7,6,123,74,915,4,2,7.4,12.4,60.2,87.28,49,19,38.8,0,0,0,11,6,0,0,32,298,0,0,4,27,27,19,22,999,45.4,2,3,1,61.5,0,54.5,0,6,5,0,7,0,0,0,5,4,11,11,0,0,0,0,0,8,7,181,57,4,0,20,2,0,181,67,16,0,21,1,0,4,4
1,2018,BUF,269,374,643,80,52,63,74,0,30:29,283,108,137,38,1008,4778,4.7,29,468,1984,4.2,16,499,271,2794,13,23,5.6,10.3,54.3,60.15,215,68,31.6,18,7,38.9,37,22,0,0,116,992,9,9,41,288,88,109,81,3513,43.4,32,27,-5,64,168,40,102,0,30:31,293,111,157,25,968,4706,4.9,44,440,1839,4.2,17,492,313,2867,22,16,5.8,9.2,63.6,80.73,203,74,36.5,11,6,54.5,48,34,0,0,99,976,11,11,36,217,104,96,80,3555,44.4,27,32,5,59.5,0,70.8,0,26,25,0,5,1,0,0,28,22,39,36,0,7,0,1,1,27,24,727,287,36,218,74,21,12,738,263,41,301,87,14,9,16,4
1,2018,CAR,376,382,758,96,128,40,112,0,31:44,356,117,212,27,1011,5972,5.9,46,416,2136,5.1,17,563,378,3836,28,16,6.8,10.1,67.1,91.16,185,77,41.6,19,9,47.4,58,36,0,0,92,818,6,6,32,235,72,108,61,2759,45.2,22,23,1,89,104,83,106,0,29:16,315,110,185,20,948,5651,6.0,46,384,1804,4.7,13,529,353,3847,32,13,7.3,10.9,66.7,97.92,183,73,39.9,17,10,58.8,47,33,0,0,91,805,10,10,35,215,80,70,64,2928,45.8,23,22,-1,62.1,0,70.2,0,41,37,0,8,2,0,0,21,19,43,42,0,4,1,1,1,23,20,636,297,34,200,71,14,9,667,358,32,235,60,16,6,16,5
2,2018,CAR,104,96,200,19,17,19,49,0,32:50,95,30,53,12,262,1493,5.7,14,110,468,4.3,7,145,94,1025,6,2,7.1,10.9,64.8,93.61,51,25,49.0,3,2,66.7,12,9,0,0,32,298,2,2,7,48,21,19,16,703,43.9,4,3,-1,27,27,10,32,0,28:10,79,18,49,12,238,1361,5.7,10,89,346,3.9,5,144,96,1015,5,2,7.0,10.6,66.7,92.80,48,19,39.6,4,1,25.0,15,8,0,0,31,304,1,1,5,32,16,13,15,707,47.1,3,4,1,75.0,0,53.3,0,11,11,0,3,0,0,0,6,5,6,6,0,1,0,3,3,9,8,166,85,5,0,17,2,1,144,154,7,0,18,5,2,4,5
1,2018,CHI,421,283,704,85,138,82,116,0,32:22,331,108,177,46,1013,5502,5.4,50,468,1938,4.1,16,512,344,3564,28,14,7.0,10.4,67.2,93.91,200,82,41.0,15,9,60.0,54,36,0,0,97,796,10,10,33,183,104,98,62,2791,45.0,24,36,12,38,58,66,115,6,29:42,278,67,186,25,1004,4795,4.8,30,339,1280,3.8,5,615,377,3515,22,27,5.7,9.3,61.3,70.61,219,75,34.2,28,16,57.1,40,20,0,0,114,1022,9,9,50,339,65,84,78,3447,44.2,36,24,-12,66.7,0,50.0,0,45,42,0,9,4,0,0,30,23,22,22,0,16,3,0,0,26,25,720,203,50,340,97,16,9,784,188,32,185,54,14,10,16,6
2,2018,CHI,121,118,239,38,37,13,33,0,31:40,109,28,61,20,329,1764,5.4,14,132,543,4.1,5,189,121,1221,7,6,6.5,10.1,64.0,81.47,67,27,40.3,6,3,50.0,18,10,0,0,46,459,3,3,8,41,31,23,19,926,48.7,9,6,-3,36,27,13,42,0,29:20,96,30,49,17,312,1558,5.0,13,126,578,4.6,2,166,95,980,11,5,5.9,10.3,57.2,83.91,70,22,31.4,6,5,83.3,18,9,0,0,45,469,1,1,20,97,23,28,27,1177,43.6,6,9,3,55.6,0,50.0,0,13,13,0,2,0,0,0,11,8,9,9,0,7,1,0,0,9,9,230,54,20,47,20,1,1,241,53,8,23,14,1,2,5,6
3,2018,CHI,15,16,31,0,6,0,9,0,29:12,17,3,12,2,63,356,5.7,1,18,65,3.6,0,43,26,291,1,0,6.8,11.2,60.5,88.42,16,5,31.2,0,0,0,3,0,0,0,3,52,0,0,2,12,5,7,6,243,40.5,0,2,2,3,0,7,6,0,30:48,21,2,17,2,64,300,4.7,2,23,42,1.8,0,40,25,258,2,2,6.4,10.3,62.5,76.88,13,6,46.2,1,1,100,3,2,0,0,3,25,0,0,1,8,6,7,5,226,45.2,2,0,-2,0,0,66.7,0,0,0,0,2,0,0,0,4,3,1,1,0,1,0,0,0,1,1,41,10,1,8,9,0,0,47,5,2,12,10,0,0,1,6
1,2018,CIN,368,455,823,69,125,55,119,0,27:27,304,92,182,30,938,4972,5.3,45,359,1682,4.7,13,542,331,3290,27,13,6.1,9.9,61.1,84.88,187,69,36.9,17,9,52.9,45,32,0,0,114,957,4,4,37,279,83,71,71,3119,43.9,17,18,1,59,203,109,84,0,33:33,372,125,221,26,1084,6618,6.1,51,466,2204,4.7,17,584,389,4414,32,12,7.6,11.3,66.6,98.79,223,109,48.9,17,11,64.7,61,39,0,0,113,944,6,6,34,173,74,92,53,2284,43.1,18,17,-1,71.1,0,63.9,0,41,39,0,7,1,0,0,23,19,46,44,0,8,2,1,1,36,33,730,337,34,171,75,9,7,639,248,37,281,72,7,4,16,7
2,2018,CIN,103,80,183,35,28,17,23,0,29:13,82,19,50,13,258,1458,5.7,10,112,371,3.3,3,143,87,1087,7,3,7.6,12.5,60.8,92.03,55,18,32.7,2,1,50.0,14,6,0,0,36,294,1,1,3,17,22,20,23,1028,44.7,4,6,2,10,21,26,23,0,31:47,86,28,50,8,271,1443,5.3,10,99,471,4.8,4,159,101,972,5,3,6.1,9.6,63.5,83.11,57,24,42.1,6,2,33.3,11,8,0,0,35,373,3,3,13,91,12,21,22,949,43.1,6,4,-2,42.9,0,72.7,0,9,8,0,2,1,0,0,11,11,8,8,0,3,0,0,0,5,4,191,80,13,0,21,3,3,177,80,3,0,26,4,1,4,7
2,2018,CLE,77,46,123,26,24,6,21,0,31:50,71,28,36,7,253,1301,5.1,9,131,515,3.9,4,114,65,786,4,1,6.9,12.1,57.0,86.37,58,16,27.6,5,3,60.0,9,5,0,0,35,350,2,2,8,60,24,25,31,1304,42.1,3,5,2,3,10,13,20,0,29:10,68,27,29,12,259,1111,4.3,5,99,431,4.4,2,147,84,680,3,3,4.6,8.1,57.1,67.28,54,12,22.2,4,1,25.0,8,4,0,0,24,193,2,2,13,73,12,26,28,1281,45.8,5,3,-2,55.6,0,50.0,0,7,7,0,2,0,1,1,4,4,5,4,0,0,0,0,0,6,4,184,56,13,0,22,3,2,195,74,8,0,18,2,2,4,8
1,2018,CLE,359,392,751,59,94,93,110,3,29:29,314,93,189,32,1023,5900,5.8,44,411,1893,4.6,15,574,353,4007,29,17,7.0,11.4,61.5,86.92,208,73,35.1,21,9,42.9,48,32,0,0,112,894,7,7,38,254,91,99,83,3767,45.4,24,31,7,64,136,86,100,6,33:48,377,130,216,31,1122,6288,5.6,43,459,2163,4.7,20,626,393,4125,21,17,6.6,10.5,62.8,81.72,210,75,35.7,20,13,65.0,54,33,0,0,119,990,14,14,37,245,74,95,71,3093,43.6,31,24,-7,66.7,0,61.1,0,34,28,0,15,2,2,2,25,19,39,36,0,5,2,1,1,37,30,752,313,37,253,78,17,15,673,331,38,254,76,15,7,16,8
1,2018,DAL,339,324,663,76,77,63,117,6,32:32,322,113,184,25,1022,5501,5.4,36,439,1964,4.5,13,527,356,3537,22,8,6.7,9.9,67.6,93.93,216,90,41.7,21,12,57.1,50,24,0,0,104,885,9,9,56,347,100,88,60,2670,44.5,17,20,3,24,90,79,128,3,29:29,309,89,193,27,981,5268,5.4,35,400,1513,3.8,12,542,367,3755,22,9,6.9,10.2,67.7,93.99,201,85,42.3,14,6,42.9,49,25,0,0,89,681,11,11,39,229,113,104,64,2856,44.6,20,17,-3,48.0,0,51.0,0,33,32,0,2,1,1,1,36,29,33,31,0,2,1,0,0,30,27,694,303,39,229,66,15,11,703,324,56,347,56,16,9,16,9
3,2018,DAL,46,52,98,10,7,8,21,0,29:18,42,15,22,5,123,688,5.6,6,56,214,3.8,4,65,42,474,2,1,7.3,11.3,64.6,90.16,21,5,23.8,4,3,75.0,6,5,0,0,10,62,0,0,2,18,4,8,9,390,43.3,1,0,-1,3,23,11,15,0,31:42,41,22,17,2,128,758,5.9,5,72,346,4.8,4,55,33,412,1,0,7.5,12.5,60.0,89.36,24,7,29.2,4,4,100,7,4,0,0,9,77,0,0,1,7,7,8,8,389,48.6,0,1,1,83.3,0,57.1,0,5,5,0,2,1,0,0,2,1,3,3,0,0,0,2,2,7,5,85,48,1,7,5,0,0,87,29,2,18,6,1,0,2,9
2,2018,DAL,43,86,129,13,14,7,9,0,31:49,69,20,41,8,265,1122,4.2,4,91,298,3.3,1,162,103,824,3,5,5.1,8,63.6,69.57,60,20,33.3,4,1,25.0,5,3,0,0,39,321,5,5,12,73,18,22,26,1166,44.8,10,5,-5,21,10,21,34,0,29:11,66,22,32,12,237,1211,5.1,10,112,440,3.9,6,120,70,771,2,3,6.4,11.0,58.3,72.60,49,12,24.5,3,2,66.7,9,6,0,0,37,295,2,2,5,29,22,22,27,1177,43.6,5,10,5,60.0,0,66.7,0,4,4,0,0,0,0,0,6,5,7,7,0,5,2,0,0,6,5,173,71,5,0,26,3,2,195,70,12,0,22,5,5,4,9
2,2018,DEN,101,93,194,15,39,27,20,0,32:13,78,25,43,10,250,1339,5.4,10,103,463,4.5,4,139,89,876,5,3,6.3,9.8,64.0,84.70,55,24,43.6,1,0,0,11,5,0,0,41,404,1,1,8,48,28,22,18,822,45.7,4,3,-1,21,23,3,46,0,28:47,74,22,39,13,238,1152,4.8,11,106,422,4.0,1,120,76,730,10,2,6.1,9.6,63.3,101.04,50,16,32.0,4,3,75.0,13,10,0,0,34,329,1,1,12,76,21,17,21,1025,48.8,3,4,1,45.5,0,76.9,0,8,8,0,2,1,1,1,10,9,10,10,0,2,1,0,0,6,5,183,48,12,0,12,1,1,197,39,8,0,20,2,1,4,10
1,2018,DEN,329,349,678,75,78,86,90,0,29:58,320,107,181,32,1015,5602,5.5,39,393,1907,4.9,18,588,367,3695,19,15,6.3,10.1,62.4,80.42,207,69,33.3,25,15,60.0,44,25,0,0,125,985,6,6,34,235,96,83,85,3786,44.5,21,28,7,65,136,82,66,0,31:02,318,85,197,36,1022,5842,5.7,39,429,1913,4.5,11,549,353,3929,26,17,7.2,11.1,64.3,88.37,211,82,38.9,11,6,54.5,43,25,0,0,123,1006,11,11,44,311,95,74,72,3346,46.5,28,21,-7,56.8,0,58.1,0,35,35,0,6,0,0,0,25,20,39,35,1,0,0,0,0,31,26,701,301,43,305,82,15,10,728,204,34,235,66,12,6,16,10
1,2018,DET,324,360,684,69,101,58,96,0,31:24,325,91,201,33,1019,5236,5.1,35,404,1660,4.1,11,574,375,3576,22,12,6.2,9.5,65.3,86.55,208,75,36.1,18,11,61.1,49,26,0,0,94,852,7,7,41,268,78,73,74,3310,44.7,19,14,-5,43,124,94,99,0,29:36,315,88,191,36,942,5360,5.7,44,403,1761,4.4,11,496,323,3599,29,7,7.3,11.1,65.1,100.19,186,69,37.1,17,9,52.9,47,27,0,0,94,886,7,7,43,298,85,97,68,3078,45.3,14,19,5,53.1,0,57.4,0,30,30,0,8,0,0,0,32,28,39,35,0,10,2,0,0,28,19,699,207,43,298,47,9,7,736,213,40,267,58,11,7,16,11
2,2018,DET,77,111,188,6,10,10,51,0,30:54,81,21,43,17,265,1125,4.2,9,96,360,3.8,4,157,96,765,4,2,4.9,8.0,61.1,76.53,52,15,28.8,5,4,80.0,12,8,0,0,28,263,1,1,12,71,12,10,22,1057,48.0,3,3,0,20,48,17,26,0,30:06,80,27,42,11,236,1401,5.9,13,112,485,4.3,6,122,72,916,5,1,7.5,12.7,59.0,92.79,48,17,35.4,4,3,75.0,15,10,0,0,39,395,2,2,2,14,26,22,19,777,40.9,3,3,0,66.7,0,66.7,0,8,8,0,2,0,0,0,7,5,12,10,0,0,0,1,1,7,7,188,54,2,0,20,0,2,207,41,12,0,28,2,1,4,11
2,2018,GB,109,97,206,34,31,24,20,0,31:23,85,19,51,15,272,1283,4.7,13,105,312,3.0,3,154,83,971,8,4,6.3,11.7,53.9,79.76,60,25,41.7,7,3,42.9,12,8,0,0,35,301,1,1,13,81,15,11,18,814,45.2,5,6,1,31,13,20,33,0,29:37,79,20,49,10,246,1413,5.7,11,100,428,4.3,3,141,81,985,7,4,7.0,12.2,57.4,83.79,52,21,40.4,4,2,50.0,14,8,0,0,41,411,2,2,5,30,24,17,18,788,43.8,6,5,-1,66.7,0,57.1,0,13,13,0,0,0,0,0,6,6,8,8,0,4,0,1,1,8,7,175,64,5,0,12,4,3,191,72,13,18,22,5,1,4,12
1,2018,GB,376,400,776,75,107,92,96,6,30:03,332,98,208,26,1026,5905,5.8,41,333,1667,5.0,14,640,392,4238,25,4,6.6,10.8,61.2,91.13,204,75,36.8,20,10,50.0,47,29,0,0,108,937,11,11,53,391,76,78,71,3176,44.7,15,15,0,104,131,61,104,0,31:48,331,100,199,32,1017,5670,5.6,47,446,1918,4.3,15,527,336,3752,30,7,7.1,11.2,63.8,98.32,212,79,37.3,18,12,66.7,56,34,0,0,97,792,8,8,44,322,107,89,71,3258,45.9,15,15,0,61.7,0,60.7,0,36,34,0,6,2,1,1,37,30,44,43,0,5,2,0,0,31,23,734,264,42,306,59,9,8,695,270,53,394,47,12,11,16,12
1,2018,HOU,402,316,718,87,136,60,110,9,31:46,333,94,202,37,1040,5802,5.6,42,472,2021,4.3,12,506,345,3781,26,9,7.5,11.0,68.2,99.75,208,77,37.0,12,8,66.7,60,30,0,0,105,787,7,7,62,384,96,96,74,3237,43.7,16,29,13,74,76,91,72,3,30:22,298,76,200,22,1022,5490,5.4,36,385,1323,3.4,8,594,385,4167,28,15,7.0,10.8,64.8,90.52,227,91,40.1,20,12,60.0,41,29,0,0,117,945,14,14,43,310,137,119,79,3732,47.2,29,16,-13,50.0,0,70.7,0,41,39,0,2,0,0,0,42,37,32,29,0,7,1,0,0,26,23,718,278,43,309,90,20,14,735,379,63,384,49,12,7,16,13
2,2018,HOU,67,50,117,28,14,6,19,0,28:56,75,18,40,17,237,1166,4.9,9,105,414,3.9,3,127,72,752,6,3,5.9,10.4,56.7,79.90,46,13,28.3,7,4,57.1,12,7,0,0,31,251,1,1,5,29,16,11,21,928,44.2,4,6,2,17,14,10,9,0,32:04,74,19,46,9,258,1184,4.6,5,102,338,3.3,2,154,100,846,3,6,5.5,8.5,64.9,69.35,65,34,52.3,3,1,33.3,7,4,0,0,41,398,0,0,2,17,22,12,22,912,41.5,6,4,-2,58.3,0,57.1,0,8,7,0,1,0,0,0,4,2,5,5,0,0,0,0,0,5,5,188,74,2,0,23,0,0,169,60,5,0,23,3,2,4,13
3,2018,HOU,7,21,28,0,0,0,7,0,28:46,20,7,13,0,68,322,4.7,1,16,105,6.6,0,49,29,217,1,1,4.4,7.5,59.2,68.15,13,3,23.1,5,2,40.0,2,1,0,0,8,67,0,0,3,18,4,1,5,234,46.8,1,1,0,14,7,0,0,0,31:14,26,10,14,2,67,422,6.3,3,35,200,5.7,1,32,19,222,2,1,6.9,11.7,59.4,88.28,14,9,64.3,0,0,0,4,3,0,0,2,10,0,0,0,0,8,3,4,148,37,1,1,0,50.0,0,75.0,0,1,1,0,0,0,0,0,0,0,3,3,0,0,0,0,0,0,0,42,20,0,0,7,0,0,36,28,3,18,4,0,0,1,13
3,2018,IND,34,38,72,14,14,0,6,0,26:42,41,14,24,3,120,688,5.7,5,49,287,5.9,1,68,38,401,3,1,5.9,10.6,55.9,81.80,23,9,39.1,1,1,100,6,3,0,0,12,80,1,1,3,24,15,11,11,486,44.2,2,2,0,14,10,0,14,0,34:18,49,19,27,3,146,755,5.2,5,49,285,5.8,4,90,56,470,1,1,5.2,8.4,62.2,74.77,27,7,25.9,9,5,55.6,6,4,0,0,14,121,1,1,7,43,10,6,8,344,43,2,2,0,50.0,0,66.7,0,5,4,0,0,0,0,0,1,0,5,5,0,0,0,0,0,1,1,94,51,7,43,7,2,1,74,35,3,24,18,1,1,2,14
2,2018,IND,88,80,168,6,27,17,38,0,31:52,79,23,47,9,265,1327,5.0,9,115,332,2.9,2,141,88,995,6,3,7.1,11.3,62.4,88.82,65,27,41.5,7,5,71.4,16,8,0,0,34,335,4,4,9,74,24,23,18,792,44,7,5,-2,14,29,16,21,0,29:08,75,28,36,11,252,1164,4.6,8,115,457,4.0,3,126,81,707,4,2,5.6,8.7,64.3,83.00,52,16,30.8,4,2,50.0,13,6,0,0,38,327,3,3,11,79,19,20,22,995,45.2,5,7,2,50.0,0,46.2,0,7,7,0,3,0,0,0,9,9,7,6,0,0,0,1,1,9,8,197,85,11,0,19,6,4,190,71,9,0,23,3,4,4,14
1,2018,IND,433,344,777,83,135,87,125,3,30:05,371,96,237,38,1070,6179,5.8,52,408,1718,4.2,13,644,432,4461,39,15,6.9,10.3,67.1,97.33,214,104,48.6,15,7,46.7,64,44,0,0,120,953,9,9,18,134,78,110,57,2629,46.1,24,26,2,76,99,80,83,6,31:33,315,87,203,25,995,5431,5.5,37,415,1626,3.9,12,542,384,3805,21,15,7.0,9.9,70.8,91.76,200,82,41.0,15,7,46.7,43,23,0,0,131,1115,11,11,38,228,78,67,67,3022,45.1,26,24,-2,68.8,0,53.5,0,47,44,0,6,2,2,2,27,23,37,36,1,0,0,0,0,33,28,749,333,38,233,61,15,11,767,207,18,134,95,11,9,16,14
1,2018,JAX,245,316,561,42,81,60,62,0,30:14,277,92,164,21,1005,4832,4.8,25,416,1723,4.1,7,536,329,3109,15,13,5.8,9.4,61.4,76.62,230,93,40.4,17,8,47.1,34,15,0,0,121,1112,16,16,53,322,94,89,86,3872,45.0,29,17,-12,77,88,62,89,0,30:46,288,89,162,37,970,4983,5.1,34,434,1870,4.3,16,499,312,3113,17,11,6.2,10.0,62.5,82.35,212,80,37.7,12,3,25.0,47,24,0,0,92,735,6,6,37,241,116,94,79,3791,48.0,17,29,12,44.1,0,51.1,0,23,22,1,4,0,0,0,26,23,30,29,0,5,0,1,1,31,27,717,191,38,236,52,7,7,730,252,52,319,77,20,16,16,15
2,2018,JAX,76,50,126,10,23,26,17,0,33:12,83,30,46,7,267,1305,4.9,10,121,470,3.9,7,128,86,835,1,3,6.5,9.7,67.2,78.09,56,24,42.9,6,4,66.7,9,7,0,0,30,280,1,1,18,104,18,20,16,683,42.7,4,4,0,9,20,7,14,0,27:48,77,28,38,11,243,1066,4.4,5,103,442,4.3,4,126,72,624,1,1,5.0,8.7,57.1,69.68,47,12,25.5,9,3,33.3,9,5,0,0,18,150,3,3,14,84,35,23,17,746,43.9,4,4,0,77.8,0,55.6,0,7,7,0,4,0,0,0,7,5,5,5,0,0,0,0,0,6,5,194,23,14,0,19,4,3,218,43,19,0,15,4,2,4,15
2,2018,KC,91,79,170,14,30,13,34,0,31:03,79,12,60,7,242,1346,5.6,9,83,250,3.0,0,154,102,1096,7,3,7.1,10.7,66.2,93.97,54,28,51.9,4,2,50.0,11,3,0,0,29,320,0,0,5,16,11,9,13,561,43.2,3,5,2,35,38,3,3,0,29:57,74,18,45,11,223,1224,5.5,10,104,412,4.0,2,116,73,812,8,4,7,11.1,62.9,92.31,47,23,48.9,7,2,28.6,12,8,0,0,24,193,1,1,3,8,16,12,12,580,48.3,5,3,-2,27.3,0,66.7,0,8,8,0,2,1,0,0,9,9,10,10,0,0,0,0,0,3,3,165,53,3,0,18,2,1,186,45,5,0,14,0,0,4,16
3,2018,KC,62,50,112,14,10,7,31,0,30:21,47,15,25,7,125,723,5.8,8,45,221,4.9,5,72,43,502,3,0,7.0,11.7,59.7,94.79,23,8,34.8,4,3,75.0,7,6,0,0,10,82,1,1,8,71,7,5,8,327,40.9,1,3,2,7,14,3,20,6,32:05,51,19,30,2,147,790,5.4,7,62,263,4.2,4,82,49,527,2,2,6.4,10.8,59.8,76.63,28,13,46.4,3,2,66.7,7,4,0,0,16,131,1,1,3,24,17,13,9,413,45.9,3,1,-2,85.7,0,57.1,0,8,8,0,0,0,0,0,2,2,6,5,0,0,0,0,0,2,1,88,58,3,24,15,1,1,89,32,8,71,5,3,1,2,16
1,2018,KC,565,421,986,147,150,134,131,3,29:11,384,108,239,37,996,6810,6.8,71,387,1855,4.8,16,583,385,4955,50,12,8.5,12.9,66.0,112.54,176,83,47.2,15,12,80.0,71,51,0,0,137,1152,6,6,26,171,109,89,45,2021,44.9,18,27,9,56,131,98,136,0,31:20,419,129,247,43,1109,6488,5.9,51,425,2114,5.0,19,632,406,4374,30,15,6.9,10.8,64.2,90.39,193,80,41.5,27,18,66.7,58,42,0,0,107,881,12,12,52,347,109,65,51,2278,44.7,27,18,-9,71.8,0,72.4,0,69,65,1,2,0,1,1,27,24,40,37,0,17,4,1,1,26,22,747,306,52,351,65,22,12,641,291,25,159,54,10,6,16,16
1,2018,LAC,428,329,757,78,151,99,100,0,31:43,338,100,213,25,945,5962,6.3,51,399,1873,4.7,16,512,348,4089,32,12,8.0,11.8,68.0,103.07,177,70,39.5,8,7,87.5,53,34,0,0,113,967,7,7,34,227,85,78,61,2643,43.3,19,20,1,98,66,73,92,0,29:17,311,101,178,32,981,5339,5.4,38,395,1693,4.3,11,548,351,3646,23,13,6.7,10.4,64.1,87.29,202,79,39.1,20,11,55.0,50,25,0,0,103,828,7,7,38,240,92,75,67,3195,47.7,20,19,-1,64.2,0,50.0,0,43,36,0,14,5,1,1,29,24,31,30,0,11,1,0,0,30,23,691,334,38,246,74,8,7,654,333,33,215,70,10,7,16,29
3,2018,LAC,51,58,109,13,6,7,25,0,28:40,36,5,24,7,129,578,4.5,5,43,108,2.5,2,83,47,470,3,1,5.7,10,56.6,79.89,30,11,36.7,2,2,100,6,4,0,0,10,68,2,2,3,21,12,15,11,414,37.6,3,3,0,14,21,6,17,0,32:20,41,14,25,2,137,727,5.3,7,57,245,4.3,4,73,48,482,3,1,6.6,10.0,65.8,92.38,29,12,41.4,3,3,100,9,6,0,0,16,116,2,2,7,55,15,11,10,441,44.1,3,3,0,66.7,0,66.7,0,2,2,0,6,2,0,0,6,5,7,7,0,0,0,0,0,4,3,94,52,7,55,7,2,2,89,31,3,21,9,1,2,2,29
2,2018,LAC,71,95,166,20,17,21,13,0,32:03,69,30,27,12,238,1067,4.5,9,117,515,4.4,4,107,68,552,3,2,5.2,8.1,63.6,78.10,52,21,40.4,4,1,25.0,11,5,0,0,38,391,3,3,14,94,20,18,20,929,46.4,5,5,0,13,21,22,39,0,28:57,66,20,36,10,222,1074,4.8,11,98,317,3.2,6,115,74,757,3,2,6.6,10.2,64.3,84.58,50,20,40.0,5,4,80.0,16,9,0,0,30,273,3,3,9,51,31,19,19,914,48.1,5,5,0,45.5,0,56.2,0,8,8,0,0,0,0,0,6,5,6,6,0,5,2,2,2,5,5,162,79,9,0,15,1,3,178,110,14,0,12,2,3,4,29
3,2018,LAR,59,58,117,3,27,13,13,3,32:53,63,24,36,3,204,1097,5.4,5,92,412,4.5,4,107,60,685,1,2,6.4,11.4,56.1,70.81,40,14,35.0,3,3,100,8,4,0,0,20,170,0,0,5,39,14,14,14,629,44.9,2,2,0,20,3,15,20,0,29:13,60,17,35,8,187,1005,5.4,6,75,252,3.4,3,108,67,753,3,2,7.0,11.2,62.0,84.38,36,10,27.8,5,3,60.0,8,5,0,0,10,66,0,0,4,24,19,15,13,551,42.4,2,2,0,50.0,0,62.5,0,5,5,0,0,0,0,0,10,8,5,5,0,2,1,0,0,6,5,128,55,4,24,12,3,0,136,60,5,39,13,1,0,3,32
1,2018,LAR,527,384,911,105,174,131,117,0,31:42,401,134,236,31,1060,6738,6.4,60,459,2231,4.9,23,568,368,4507,32,12,7.9,12.2,64.8,99.11,191,86,45.0,15,6,40.0,80,46,0,0,96,878,7,7,33,223,102,85,43,1992,46.3,19,30,11,84,112,106,82,0,29:18,322,101,185,36,960,5737,6.0,44,386,1957,5.1,12,533,347,3780,31,18,7.1,10.9,65.1,91.20,188,70,37.2,15,9,60.0,52,30,0,0,99,852,12,12,41,326,74,82,64,2912,45.5,30,19,-11,57.5,0,57.7,0,53,51,0,8,3,2,2,41,34,42,39,0,4,2,0,0,28,25,673,274,41,339,68,13,12,767,250,32,217,64,10,7,16,32
2,2018,LAR,47,96,143,7,20,10,10,0,32:19,52,21,22,9,239,784,3.3,5,115,398,3.5,3,113,65,386,2,5,3.4,5.9,57.5,51.71,61,20,32.8,3,1,33.3,9,5,0,0,32,262,3,3,11,86,15,19,25,1012,40.5,8,6,-2,30,22,16,28,0,28:41,74,31,32,11,237,1281,5.4,12,112,530,4.7,5,116,66,751,6,3,6.5,11.4,56.9,82.94,46,13,28.3,6,4,66.7,16,10,0,0,30,236,3,3,9,58,18,23,17,766,45.1,6,8,2,55.6,0,62.5,0,6,6,0,0,0,0,0,5,4,6,6,0,7,0,0,0,10,6,159,84,9,0,23,3,3,181,81,11,0,20,5,3,4,32
1,2018,MIA,319,433,752,52,115,59,90,3,28:06,252,75,153,24,878,4638,5.3,38,371,1738,4.7,7,455,292,2900,26,13,6.4,9.9,64.2,89.26,186,56,30.1,13,8,61.5,31,16,0,0,108,978,10,10,52,409,77,79,87,3884,44.6,23,28,5,89,85,101,158,0,33:31,350,116,195,39,1024,6257,6.1,52,485,2325,4.8,17,508,335,3932,31,21,7.7,11.7,65.9,92.40,196,84,42.9,15,6,40.0,61,37,0,0,107,856,7,7,31,209,106,99,54,2326,43.1,28,23,-5,51.6,0,60.7,0,36,35,0,2,1,0,0,20,18,50,47,0,3,1,0,0,32,24,709,342,30,208,59,11,7,630,276,52,404,63,9,11,16,19
2,2018,MIA,88,87,175,30,23,16,19,0,29:56,79,21,49,9,264,1291,4.9,8,87,405,4.7,4,165,106,886,4,5,5.4,8.4,64.2,73.45,54,13,24.1,8,4,50.0,17,8,0,0,26,198,2,2,12,71,23,27,18,869,48.3,7,5,-2,12,27,21,27,0,31:04,81,34,41,6,267,1415,5.3,11,123,606,4.9,8,134,85,809,3,4,6.0,9.5,63.4,75.12,54,21,38.9,3,2,66.7,11,7,0,0,29,259,1,1,10,55,31,21,21,990,47.1,5,7,2,47.1,0,63.6,0,6,6,0,2,1,1,1,12,10,10,9,0,1,0,0,0,8,4,171,115,10,0,15,1,1,186,74,12,0,21,2,2,4,19
2,2018,MIN,86,65,151,17,19,13,37,0,32:47,79,26,42,11,275,1206,4.4,10,120,429,3.6,3,143,92,777,7,1,5.4,8.4,64.3,91.74,62,23,37.1,5,3,60.0,11,8,0,0,26,218,3,3,12,102,39,26,22,1013,46.0,4,4,0,3,31,10,21,0,28:13,60,18,36,6,243,1087,4.5,8,95,386,4.1,4,134,75,701,3,4,5.2,9.3,56.0,65.55,56,19,33.9,3,2,66.7,7,4,0,0,41,387,0,0,14,107,23,20,28,1341,47.9,4,4,0,72.7,0,57.1,0,7,7,0,6,2,0,0,8,5,8,8,0,0,0,0,0,4,3,177,61,14,0,18,3,0,217,72,12,0,20,5,3,4,20
1,2018,MIN,360,341,701,79,87,78,116,0,30:34,310,66,218,26,1003,5529,5.5,42,357,1493,4.2,9,606,425,4036,30,10,6.7,9.5,70.1,97.90,204,73,35.8,21,9,42.9,50,27,0,0,92,779,10,10,40,262,94,103,72,3255,45.2,20,20,0,75,116,53,97,0,31:03,303,107,160,36,993,4955,5.0,34,440,1815,4.1,13,503,315,3140,15,12,6.2,10.0,62.6,80.28,190,58,30.5,19,9,47.4,49,22,0,0,106,834,8,8,50,361,98,91,76,3431,45.1,20,20,0,54.0,0,44.9,0,37,36,0,10,3,0,0,32,22,29,28,0,7,4,1,1,36,33,702,285,50,361,61,8,8,707,262,40,262,76,8,10,16,20
1,2018,NE,436,325,761,88,157,74,117,0,31:05,365,131,206,28,1073,6295,5.9,51,478,2037,4.3,18,574,378,4258,29,11,7.4,11.3,65.9,96.73,201,82,40.8,14,7,50.0,57,34,0,0,93,744,7,7,21,147,99,67,64,2885,45.1,18,28,10,80,81,80,84,0,29:55,322,93,208,21,1002,5746,5.7,36,367,1803,4.9,7,605,370,3943,29,18,6.5,10.7,61.2,83.78,197,76,38.6,16,6,37.5,46,27,0,0,91,838,10,10,30,238,70,55,69,2899,42.0,28,18,-10,59.6,0,58.7,0,50,49,0,2,0,0,0,32,27,34,34,0,1,0,0,0,29,25,629,356,30,237,67,12,10,688,413,21,147,52,9,7,16,21
2,2018,NE,94,74,168,13,23,21,37,0,29:23,85,34,35,16,263,1255,4.8,10,117,539,4.6,5,142,88,716,4,2,5.0,8.1,62.0,78.26,57,21,36.8,4,3,75.0,11,7,0,0,24,264,2,2,4,21,24,18,22,1084,49.3,4,5,1,16,23,22,13,0,31:37,79,19,48,12,268,1338,5.0,9,101,389,3.9,1,153,89,949,8,3,6.2,10.7,58.2,85.66,61,24,39.3,6,2,33.3,10,6,0,0,32,338,2,2,14,91,13,15,21,945,45,5,4,-1,63.6,0,60.0,0,7,7,0,2,1,2,2,8,7,7,5,0,3,0,0,0,6,5,173,116,14,0,19,4,2,188,92,4,10,21,1,3,4,21
3,2018,NE,91,62,153,21,31,6,27,6,38:30,88,31,50,7,240,1429,6.0,11,114,485,4.3,9,125,85,944,2,3,7.6,11.1,68.0,85.55,45,23,51.1,4,2,50.0,13,10,0,0,18,156,0,0,1,9,29,16,11,463,42.1,3,3,0,7,0,17,38,0,23:08,54,7,38,9,170,885,5.2,8,40,122,3.0,2,120,60,763,6,2,6.4,12.7,50.0,79.97,35,12,34.3,1,1,100,6,6,0,0,18,126,1,1,10,92,7,8,20,871,43.6,3,3,0,76.9,0,100,0,10,10,0,0,0,0,0,6,5,6,6,0,4,1,0,0,3,2,102,35,10,92,18,2,1,155,103,1,9,10,1,0,3,21
5,2018,NFC,7,26,33,0,0,0,7,0,,10,2,6,2,45,148,3.3,1,9,47,5.2,0,29,14,101,1,3,3.5,7.2,48.3,28.74,10,1,10.0,3,2,66.7,1,0,0,0,3,53,0,0,7,46,1,3,4,173,43.2,3,2,-1,7,10,3,6,0,,24,6,17,1,65,416,6.4,3,18,54,3,1,46,21,362,2,2,7.9,17.2,45.7,69.29,12,5,41.7,2,0,0,4,3,0,0,4,40,0,0,1,3,8,7,0,0,0,2,3,1,0,0,75.0,0,1,1,0,0,0,0,0,0,0,2,2,0,2,0,0,0,3,2,38,4,1,3,9,0,1,27,6,7,46,6,1,0,1,37
3,2018,NO,43,40,83,13,10,14,6,0,34:16,44,14,26,4,135,710,5.3,4,52,185,3.6,0,79,54,525,4,2,6.6,9.7,68.4,93.06,29,14,48.3,2,2,100,7,4,0,0,14,104,0,0,4,25,10,6,7,305,43.6,2,3,1,14,10,7,6,3,27:23,34,7,25,2,115,628,5.5,4,42,126,3,2,72,44,502,2,3,7.0,11.4,61.1,73.96,23,8,34.8,1,1,100,5,3,0,0,11,94,0,0,1,8,13,11,9,424,47.1,3,2,-1,57.1,0,60.0,0,4,4,0,0,0,0,0,6,5,4,4,0,0,0,0,0,4,4,75,37,1,8,8,0,0,97,44,4,25,7,2,0,2,22
2,2018,NO,103,47,150,9,33,15,46,0,30:16,86,46,33,7,240,1275,5.3,12,132,620,4.7,8,100,72,655,2,4,6.6,9.1,72.0,79.38,48,20,41.7,7,5,71.4,17,10,0,0,24,223,3,3,8,54,29,22,10,473,47.3,7,6,-1,14,23,10,0,0,30:44,65,20,32,13,232,864,3.7,5,101,317,3.1,3,117,74,547,2,3,4.7,7.4,63.2,69.28,52,18,34.6,3,0,0,7,5,0,0,26,218,3,3,14,87,11,15,19,814,42.8,6,7,1,58.8,0,71.4,0,4,4,0,8,1,2,2,7,7,5,5,0,0,0,0,0,5,4,183,70,14,0,18,4,3,182,89,7,0,11,3,3,4,22
1,2018,NO,504,353,857,81,161,94,162,6,32:53,377,134,210,33,1010,6067,6.0,60,471,2025,4.3,26,519,381,4042,33,7,7.8,10.6,73.4,111.28,184,82,44.6,16,13,81.2,69,48,0,0,94,939,9,9,20,132,101,96,43,1996,46.4,16,24,8,98,101,71,83,0,29:34,333,72,224,37,978,5585,5.7,43,356,1284,3.6,12,573,384,4301,30,12,7.5,11.2,67.0,97.93,189,78,41.3,29,14,48.3,49,31,0,0,85,814,12,12,49,321,53,62,51,2246,44.0,24,16,-8,69.6,0,63.3,0,53,52,0,5,1,3,3,30,28,37,32,0,12,5,0,0,23,17,694,256,49,321,68,19,12,741,286,20,132,55,12,8,16,22
1,2018,NYG,369,412,781,74,95,80,117,3,29:57,297,71,208,18,984,5697,5.8,39,354,1650,4.7,13,583,382,4047,23,12,6.9,10.6,65.5,90.18,206,76,36.9,20,12,60.0,54,27,0,0,114,951,7,7,47,358,85,86,71,3226,45.4,19,21,2,61,114,68,169,0,32:30,346,103,205,38,1034,5942,5.7,45,444,1898,4.3,19,560,362,4044,24,16,7.2,11.2,64.6,88.42,206,87,42.2,17,14,82.4,58,33,0,0,110,919,5,5,30,185,100,110,66,3071,46.5,21,19,-2,50.0,0,56.9,0,32,31,0,11,3,1,1,33,32,39,39,0,8,3,2,2,35,31,757,310,30,188,76,10,5,736,337,47,349,69,10,7,16,23
2,2018,NYG,74,70,144,10,28,14,22,0,30:36,78,23,40,15,261,1266,4.9,8,104,445,4.3,4,151,84,821,3,2,5.4,9.8,55.6,72.20,58,20,34.5,4,1,25.0,10,6,0,0,25,210,1,1,6,47,20,23,24,1048,43.7,3,5,2,20,12,7,31,0,30:24,73,20,41,12,249,1269,5.1,9,104,382,3.7,3,136,86,887,6,3,6.5,10.3,63.2,87.47,58,19,32.8,5,4,80.0,9,6,0,0,43,420,2,2,9,57,13,14,27,1316,48.7,5,3,-2,60.0,0,66.7,0,7,5,0,1,0,0,0,7,7,8,7,0,2,0,0,0,4,3,191,61,9,0,24,3,2,188,69,6,0,22,2,1,4,23
2,2018,NYJ,55,47,102,17,19,3,16,0,28:18,57,13,36,8,224,913,4.1,5,102,283,2.8,1,112,69,630,4,3,5.6,9.1,61.6,77.60,55,19,34.5,4,1,25.0,10,5,0,0,35,305,3,3,10,49,18,20,23,1134,49.3,6,7,1,13,15,6,13,0,32:42,70,18,42,10,258,1299,5.0,2,101,383,3.8,0,148,93,916,1,5,6.2,9.8,62.8,68.41,55,16,29.1,4,1,25.0,9,1,0,0,28,219,2,2,9,40,17,20,20,932,46.6,7,6,-1,50.0,0,11.1,0,5,4,0,0,0,0,0,7,7,2,2,0,0,0,0,0,12,11,189,84,9,1,17,4,2,167,79,10,0,13,2,3,4,24
1,2018,NYJ,333,441,774,57,106,92,78,0,29:10,258,84,157,17,971,4787,4.9,34,410,1622,4.0,11,524,299,3165,18,19,6.0,10.6,57.1,71.14,214,69,32.2,22,11,50.0,45,20,0,0,114,948,11,11,37,239,115,84,82,3763,45.9,30,20,-10,90,123,88,134,6,31:03,343,104,201,38,1061,6086,5.7,49,440,2021,4.6,17,582,367,4065,29,13,7.0,11.1,63.1,91.04,213,72,33.8,14,9,64.3,59,31,0,0,95,817,7,7,39,293,77,96,78,3409,43.7,20,30,10,44.4,0,52.5,0,33,30,0,2,0,0,0,36,33,44,42,1,6,1,1,1,39,33,723,264,39,289,75,13,7,623,319,37,239,83,13,11,16,24
1,2018,OAK,290,467,757,58,82,63,84,3,31:59,300,86,197,17,995,5379,5.4,30,387,1628,4.2,9,556,382,3751,19,10,6.7,9.8,68.7,91.34,197,73,37.1,16,7,43.8,43,23,0,0,110,965,14,14,52,306,48,59,70,3022,43.2,24,17,-7,85,124,108,150,0,30:32,317,108,178,31,973,6102,6.3,56,480,2249,4.7,16,480,299,3853,36,14,8.0,12.9,62.3,100.29,201,93,46.3,12,8,66.7,62,37,0,0,117,991,3,3,13,80,95,94,60,2850,47.5,17,24,7,53.5,0,59.7,0,28,27,1,3,1,0,0,32,27,52,50,1,4,1,2,2,30,25,685,281,13,80,73,4,3,722,318,50,305,58,16,14,16,25
2,2018,OAK,74,54,128,13,20,12,29,0,29:54,66,22,34,10,226,1264,5.6,8,106,451,4.3,2,114,70,813,6,1,7.1,11.6,61.4,96.86,47,15,31.9,0,0,0,11,5,0,0,41,389,4,4,6,41,26,25,24,1018,42.4,5,2,-3,3,33,6,12,0,31:06,70,19,37,14,261,1119,4.3,5,105,364,3.5,3,144,82,755,2,1,5.2,9.2,56.9,73.12,58,15,25.9,7,2,28.6,10,4,0,0,37,321,1,1,12,85,11,12,25,1126,45.0,2,5,3,45.5,0,40.0,0,6,5,0,3,0,0,0,8,7,5,3,0,0,0,0,0,8,7,187,76,12,0,19,4,1,158,86,6,0,16,4,4,4,25
3,2018,PHI,30,35,65,17,0,7,6,0,26:29,36,4,28,4,111,550,5.0,4,39,91,2.3,1,71,43,459,3,4,6.5,10.7,60.6,70.10,20,8,40.0,1,1,100,4,3,0,0,7,55,0,0,1,8,12,12,10,467,46.7,4,1,-3,0,16,7,12,0,34:31,42,12,26,4,134,776,5.8,3,49,202,4.1,0,81,54,574,3,1,7.1,10.6,66.7,94.37,31,13,41.9,2,2,100,5,2,0,0,14,136,0,0,4,30,9,7,9,377,41.9,1,4,3,75.0,0,40.0,0,3,3,0,1,0,0,0,1,1,2,2,0,2,0,0,0,7,5,101,31,4,30,13,1,0,69,24,1,8,15,0,0,2,26
1,2018,PHI,367,348,715,41,107,101,115,3,33:39,346,94,221,31,1037,5845,5.6,41,398,1570,3.9,12,599,422,4275,29,11,7.1,10.1,70.5,99.02,205,84,41.0,23,14,60.9,57,33,0,0,100,852,12,12,40,249,133,99,61,2937,48.1,23,17,-6,61,108,53,114,12,28:29,308,71,215,22,1002,5859,5.8,37,332,1551,4.7,14,626,417,4308,22,10,6.9,10.3,66.6,91.33,202,72,35.6,19,11,57.9,56,25,0,0,115,995,7,7,44,311,102,92,65,2999,46.1,17,23,6,57.9,0,44.6,0,35,33,0,3,1,4,4,31,26,32,28,0,6,1,0,0,37,32,712,226,44,305,68,11,7,797,223,39,240,72,14,13,16,26
2,2018,PHI,44,82,126,0,21,16,7,0,30:25,77,25,46,6,272,1306,4.8,6,89,400,4.5,0,163,94,906,6,8,5.6,9.6,57.7,65.12,56,16,28.6,9,2,22.2,8,4,0,0,31,281,5,5,20,120,18,21,22,1085,49.3,13,4,-9,22,35,16,9,0,30:35,73,25,31,17,262,1124,4.3,7,122,450,3.7,1,128,75,674,5,3,5.3,9.0,58.6,76.11,58,15,25.9,4,1,25.0,10,3,0,0,24,203,1,1,12,68,27,25,25,1125,45,4,13,9,50.0,0,30.0,0,4,3,0,1,0,1,1,2,1,6,6,0,0,0,1,1,10,10,208,68,12,10,14,3,1,195,64,20,0,20,7,5,4,26
2,2018,PIT,120,95,215,42,29,33,16,0,29:22,76,23,40,13,237,1319,5.6,14,110,391,3.6,5,118,74,928,9,4,7.9,12.5,62.7,98.41,49,15,30.6,3,1,33.3,11,8,0,0,36,334,0,0,9,62,19,21,20,907,45.4,4,8,4,17,38,17,23,0,31:38,86,21,55,10,263,1305,5.0,13,95,315,3.3,2,154,95,990,8,4,6.4,10.4,61.7,86.77,53,19,35.8,6,1,16.7,11,8,0,0,37,291,4,4,14,94,20,18,21,914,43.5,8,4,-4,72.7,0,72.7,0,9,9,0,4,0,3,3,7,7,9,9,0,3,0,1,1,4,4,189,99,14,18,13,7,4,179,66,9,0,15,3,0,4,28
1,2018,PIT,428,360,788,70,166,101,91,0,31:00,378,88,251,39,1058,6453,6.1,54,345,1445,4.2,16,689,459,5008,35,17,7.3,10.9,66.6,94.54,198,88,44.4,14,9,64.3,49,36,0,0,111,1026,9,9,24,166,117,96,64,2780,43.4,26,15,-11,96,69,72,123,0,30:37,317,84,200,33,987,5235,5.3,42,369,1538,4.2,13,566,362,3697,27,8,6.5,10.2,64.0,92.61,197,72,36.5,13,7,53.8,49,29,0,0,136,1170,7,7,52,347,70,64,81,3610,44.6,15,26,11,73.5,0,59.2,0,49,44,0,10,4,0,0,23,16,39,38,0,6,2,0,0,26,22,690,282,51,347,69,13,7,712,309,24,166,88,12,8,16,28
1,2018,SEA,428,347,775,78,129,72,149,0,31:28,329,133,156,40,1012,5653,5.6,52,534,2560,4.8,15,427,280,3093,35,7,7.2,11.0,65.6,107.40,208,81,38.9,14,11,78.6,55,36,0,0,111,959,4,4,51,355,109,82,78,3759,48.2,11,26,15,71,106,48,119,3,29:57,323,91,201,31,955,5653,5.9,39,366,1811,4.9,9,546,355,3842,26,12,7.0,10.8,65.0,92.30,183,64,35.0,13,6,46.2,51,25,0,0,108,981,14,14,43,261,99,93,66,2961,44.9,26,11,-15,65.5,0,49.0,0,51,48,0,2,1,0,0,27,22,34,31,0,4,0,2,2,33,26,680,260,41,253,65,20,14,724,363,51,363,43,13,4,16,30
2,2018,SEA,70,94,164,13,23,6,28,0,26:16,68,19,41,8,238,1324,5.6,8,88,378,4.3,2,140,84,946,5,2,6.8,11.3,60.0,86.19,53,20,37.7,5,2,40.0,10,5,0,0,36,293,1,1,10,74,28,16,22,1054,47.9,3,1,-2,17,29,16,32,0,34:44,71,19,46,6,255,1234,4.8,12,118,373,3.2,2,126,88,861,8,0,6.8,9.8,69.8,109.92,63,27,42.9,2,2,100,10,6,0,0,32,279,1,1,11,85,23,24,23,1006,43.7,1,3,2,50.0,0,60.0,0,7,5,0,2,1,0,0,5,5,9,8,0,4,1,0,0,8,6,166,127,11,0,14,1,1,161,97,10,0,16,2,2,4,30
3,2018,SEA,22,24,46,0,6,8,8,0,25:10,11,5,6,0,52,299,5.8,2,24,73,3.0,1,27,18,226,1,0,8.4,12.6,66.7,104.86,13,2,15.4,2,2,100,3,2,0,0,5,36,0,0,1,7,4,2,7,360,51.4,0,1,1,3,7,0,14,0,34:50,23,9,11,3,68,380,5.6,3,34,164,4.8,2,33,22,216,1,1,6.5,9.8,66.7,82.39,11,4,36.4,0,0,0,4,3,0,0,6,36,0,0,1,10,3,6,5,225,45,1,0,-1,66.7,0,75.0,0,0,0,0,0,0,2,2,3,2,3,3,0,0,0,0,0,2,1,49,15,1,10,3,0,0,34,23,1,7,2,0,0,1,30
2,2018,SF,75,83,158,7,20,16,32,0,31:40,81,24,47,10,250,1459,5.8,8,110,401,3.6,6,134,88,1058,2,5,7.9,12.0,65.7,79.14,52,24,46.2,5,3,60.0,16,8,0,0,36,331,4,4,6,47,17,20,17,696,40.9,9,2,-7,17,24,24,18,0,29:20,75,22,41,12,249,1202,4.8,9,119,396,3.3,3,124,76,806,6,1,6.5,10.6,61.3,93.01,55,22,40.0,2,2,100,14,7,0,0,34,304,1,1,6,41,21,17,22,1021,46.4,2,9,7,50.0,0,50.0,0,5,5,0,3,1,1,1,6,6,9,8,0,0,0,0,0,8,7,191,57,6,0,17,2,2,205,70,6,0,23,2,4,4,31
1,2018,SF,342,435,777,62,118,99,60,3,30:55,344,98,201,45,1003,5769,5.8,35,423,1902,4.5,7,532,331,3867,26,20,7.3,11.7,62.2,84.84,193,73,37.8,10,5,50.0,51,21,0,0,112,982,12,12,48,380,93,91,68,2973,43.7,32,7,-25,100,128,91,116,0,31:31,337,104,195,38,1023,5546,5.4,52,444,1814,4.1,13,542,344,3732,35,2,6.9,10.8,63.5,103.65,216,87,40.3,17,10,58.8,58,38,0,0,117,1011,5,5,37,227,127,107,78,3379,43.3,7,32,25,41.2,0,65.5,0,29,27,0,10,2,0,0,34,33,50,45,0,4,2,0,0,27,24,741,242,36,228,40,10,5,753,216,48,384,85,17,12,16,31
1,2018,TB,396,464,860,71,138,71,113,3,30:30,388,80,265,43,1055,6648,6.3,49,389,1523,3.9,12,625,408,5125,36,26,8.2,12.6,65.3,92.52,187,86,46.0,13,9,69.2,60,36,0,0,117,975,9,9,41,233,95,92,57,2567,45.0,35,17,-18,91,166,93,114,0,30:01,356,122,209,25,998,6134,6.1,57,426,1983,4.7,19,534,387,4151,34,9,7.8,10.7,72.5,109.07,181,73,40.3,14,7,50.0,58,45,0,0,127,1156,8,8,38,232,113,82,70,3347,47.8,17,35,18,60.0,0,77.6,0,44,40,0,9,1,0,0,27,20,54,51,0,2,1,2,2,23,21,786,198,38,223,55,11,8,753,232,41,236,103,14,9,16,33
2,2018,TB,96,96,192,16,50,14,16,0,30:11,90,18,62,10,271,1463,5.4,11,102,325,3.2,3,163,105,1138,7,2,7.0,10.8,64.4,94.06,55,23,41.8,5,3,60.0,15,9,0,0,26,307,2,2,6,52,19,14,16,678,42.4,4,3,-1,16,10,39,31,0,30:49,91,27,54,10,271,1415,5.2,11,115,479,4.2,4,149,88,936,5,1,6.3,10.6,59.1,85.86,57,22,38.6,9,5,55.6,14,8,0,0,31,317,2,2,7,34,17,15,15,645,43,3,4,1,60.0,0,57.1,0,11,9,0,0,0,0,0,8,7,7,7,0,8,1,0,0,9,7,199,58,7,0,20,3,2,192,72,6,0,20,3,2,4,33
2,2018,TEN,40,90,130,17,3,7,13,0,28:32,64,13,38,13,235,1017,4.3,5,92,285,3.1,0,131,78,732,5,2,5.6,9.4,59.5,81.35,56,19,33.9,8,2,25.0,7,4,0,0,45,402,2,2,12,79,16,13,25,1127,45.1,4,3,-1,17,23,16,34,0,32:28,85,23,46,16,277,1418,5.1,9,115,310,2.7,1,156,93,1108,8,2,7.1,11.9,59.6,93.11,61,24,39.3,5,2,40.0,11,5,0,0,37,302,1,1,6,58,27,23,16,731,45.7,3,4,1,57.1,0,45.5,0,4,4,0,2,0,0,0,2,2,9,9,0,0,0,0,0,9,9,190,91,6,0,21,4,1,177,70,12,0,7,4,3,4,34
1,2018,TEN,310,303,613,76,58,69,101,6,30:47,289,106,156,27,938,4998,5.3,34,454,2023,4.5,15,437,293,2975,16,12,6.8,10.2,67.0,87.09,205,82,40.0,12,7,58.3,47,25,0,0,82,727,6,6,47,280,87,85,74,3483,47.1,18,17,-1,70,105,63,62,3,31:51,298,98,182,18,1001,5334,5.3,32,429,1863,4.3,9,533,337,3471,21,11,6.5,10.3,63.2,86.44,205,75,36.6,20,11,55.0,47,21,0,0,120,984,6,6,39,248,72,107,71,3275,46.1,17,18,1,53.2,0,44.7,0,31,28,1,2,0,0,0,30,26,32,31,0,0,0,0,0,29,26,719,323,39,248,64,9,6,708,308,47,280,41,13,6,16,34
1,2018,WAS,281,359,640,54,95,35,97,0,30:38,280,96,156,28,967,4795,5.0,29,414,1774,4.3,12,509,311,3021,16,15,5.9,9.7,61.1,75.93,206,75,36.4,18,10,55.6,40,21,0,0,115,1008,4,4,44,266,94,81,79,3581,45.3,19,26,7,60,134,61,104,0,30:22,330,109,197,24,996,5654,5.7,43,413,1860,4.5,12,537,362,3794,27,15,7.1,10.5,67.4,92.82,196,86,43.9,13,5,38.5,52,27,0,0,102,791,11,11,46,297,99,107,58,2660,45.9,26,19,-7,52.5,0,51.9,0,26,25,0,6,2,0,0,29,26,38,34,0,7,2,0,0,26,21,701,310,46,298,60,18,11,706,252,44,262,77,13,4,16,35
2,2018,WAS,69,98,167,16,20,10,23,0,29:45,75,19,42,14,237,1305,5.5,7,102,483,4.7,0,123,78,822,7,3,6.7,10.5,63.4,91.58,48,13,27.1,5,2,40.0,11,5,0,0,28,218,2,2,12,69,14,17,18,872,48.4,5,4,-1,17,19,27,35,0,31:15,76,34,38,4,245,1255,5.1,9,125,533,4.3,6,113,70,722,2,3,6.4,10.3,61.9,75.17,50,19,38.0,4,3,75.0,12,6,0,0,26,239,1,1,7,35,35,18,17,834,49.1,4,5,1,45.5,0,50.0,0,6,6,0,2,0,0,0,9,7,7,7,0,2,1,1,1,11,11,172,91,7,0,20,1,2,174,82,12,1,14,2,2,4,35
