GameKey,SeasonType,Season,Week,Date,AwayTeam,HomeTeam,AwayScore,HomeScore,PointSpread,OverUnder,AwayScoreQuarter1,AwayScoreQuarter2,AwayScoreQuarter3,AwayScoreQuarter4,AwayScoreOvertime,HomeScoreQuarter1,HomeScoreQuarter2,HomeScoreQuarter3,HomeScoreQuarter4,HomeScoreOvertime,StadiumID,ForecastTempLow,ForecastTempHigh,ForecastDescription,ForecastWindChill,ForecastWindSpeed,AwayTeamMoneyLine,HomeTeamMoneyLine,ScoreID
201820003,2,2018,0,8/2/2018 8:00:00 PM,CHI,BAL,16,17,-2.5,35.5,7,0,0,9,0,10,0,7,0,0,46,66,67,Broken Clouds,66,4,124,-134,16589
201820104,2,2018,1,8/9/2018 7:00:00 PM,CAR,BUF,28,23,-3.0,35.0,7,0,7,14,0,7,10,0,6,0,1,66,67,Light Rain,67,3,145,-155,16621
201820107,2,2018,1,8/9/2018 7:00:00 PM,CHI,CIN,27,30,1.0,35.5,7,7,6,7,0,14,9,0,7,0,5,67,68,Few Clouds,68,2,-112,102,16603
201820115,2,2018,1,8/9/2018 7:00:00 PM,NO,JAX,24,20,-2.5,35.0,3,7,0,14,0,7,6,7,0,0,10,77,80,Few Clouds,77,7,133,-143,16606
201820119,2,2018,1,8/9/2018 7:00:00 PM,TB,MIA,26,24,-2.5,34.5,6,10,7,3,0,3,7,6,8,0,2,77,77,Light Rain,77,4,135,-145,16622
201820123,2,2018,1,8/9/2018 7:00:00 PM,CLE,NYG,20,10,1.0,35.5,7,6,0,7,0,3,0,7,0,0,3,71,72,Clear Sky,71,2,-115,105,16604
201820126,2,2018,1,8/9/2018 7:00:00 PM,PIT,PHI,31,14,-3.0,34.5,7,15,6,3,0,0,14,0,0,0,18,70,71,Clear Sky,71,4,145,-155,16605
201820103,2,2018,1,8/9/2018 7:30:00 PM,LAR,BAL,7,33,-3.5,36.5,0,0,0,7,0,17,6,3,7,0,7,73,75,Clear Sky,75,7,170,-185,16590
201820121,2,2018,1,8/9/2018 7:30:00 PM,WAS,NE,17,26,-2.5,37.5,10,7,0,0,0,0,3,7,16,0,4,68,69,Light Rain,69,6,123,-133,16607
201820112,2,2018,1,8/9/2018 8:00:00 PM,TEN,GB,17,31,-2.0,35.0,7,3,0,7,0,7,0,7,17,0,22,65,66,Clear Sky,65,7,118,-128,16608
201820116,2,2018,1,8/9/2018 8:30:00 PM,HOU,KC,17,10,-2.5,35.0,7,7,3,0,0,0,7,0,3,0,15,67,70,Clear Sky,67,3,130,-140,16609
201820130,2,2018,1,8/9/2018 10:00:00 PM,IND,SEA,19,17,2.0,38.5,3,6,3,7,0,7,0,3,7,0,31,71,72,Clear Sky,72,4,118,-128,16623
201820131,2,2018,1,8/9/2018 10:00:00 PM,DAL,SF,21,24,-4.0,36.0,7,7,7,0,0,0,7,3,14,0,37,58,61,Clear Sky,58,2,170,-185,16610
201820124,2,2018,1,8/10/2018 7:30:00 PM,ATL,NYJ,0,17,-4.5,37.0,0,0,0,0,0,7,10,0,0,0,3,76,76,Light Rain,76,5,177,-192,16611
201820125,2,2018,1,8/10/2018 10:30:00 PM,DET,OAK,10,16,-3.5,37.5,0,7,0,3,0,3,10,0,3,0,16,60,66,Few Clouds,66,3,160,-170,16631
201820110,2,2018,1,8/11/2018 9:00:00 PM,MIN,DEN,42,28,1.0,36.5,14,10,3,15,0,0,14,7,7,0,13,60,65,Clear Sky,65,9,-117,107,16612
201820101,2,2018,1,8/11/2018 10:00:00 PM,LAC,ARI,17,24,-3.0,37.0,3,0,7,7,0,7,0,7,10,0,29,81,82,Clear Sky,82,3,155,-165,16624
201820221,2,2018,2,8/16/2018 7:30:00 PM,PHI,NE,20,37,-4.5,42.5,0,7,13,0,0,10,17,7,3,0,4,72,73,Overcast Clouds,72,3,190,-210,16613
201820212,2,2018,2,8/16/2018 8:00:00 PM,PIT,GB,34,51,-6.0,42.5,14,0,14,6,0,17,17,14,3,0,22,68,70,Broken Clouds,68,3,230,-250,16617
201820235,2,2018,2,8/16/2018 8:00:00 PM,NYJ,WAS,13,15,2.5,41.0,0,3,0,10,0,6,3,3,3,0,19,77,79,Broken Clouds,77,6,-133,123,16591
201820202,2,2018,2,8/17/2018 7:00:00 PM,KC,ATL,28,14,1.5,43.5,0,10,7,11,0,7,7,0,0,0,45,73,76,Few Clouds,73,7,-120,110,16614
201820211,2,2018,2,8/17/2018 7:00:00 PM,NYG,DET,30,17,-3.5,40.5,0,10,7,13,0,3,0,0,14,0,21,70,70,Light Rain,70,7,163,-173,16625
201820205,2,2018,2,8/17/2018 7:30:00 PM,MIA,CAR,20,27,-3.0,42.0,6,3,3,8,0,6,7,0,14,0,26,77,80,Clear Sky,77,10,138,-148,16626
201820208,2,2018,2,8/17/2018 7:30:00 PM,BUF,CLE,19,17,-3.0,43.0,0,10,3,6,0,7,0,3,7,0,6,67,68,Heavy Intensity Rain,67,2,143,-153,16618
201820222,2,2018,2,8/17/2018 8:00:00 PM,ARI,NO,20,15,-6.0,42.5,0,17,3,0,0,0,3,0,12,0,27,79,83,Few Clouds,79,9,230,-250,16627
201820220,2,2018,2,8/18/2018 1:00:00 PM,JAX,MIN,14,10,-4.0,41.0,0,7,0,7,0,3,0,7,0,0,42,66,66,Clear Sky,66,6,180,-195,16619
201820232,2,2018,2,8/18/2018 4:00:00 PM,OAK,LAR,15,19,2.5,39.0,0,0,6,9,0,0,13,3,3,0,38,64,70,Clear Sky,64,2,-137,127,16615
201820209,2,2018,2,8/18/2018 7:00:00 PM,CIN,DAL,21,13,-2.5,41.5,0,0,11,10,0,3,7,0,3,0,17,74,81,Light Rain,74,5,135,-145,16628
201820213,2,2018,2,8/18/2018 8:00:00 PM,SF,HOU,13,16,-3.0,43.0,7,0,3,3,0,7,0,3,6,0,11,79,80,Few Clouds,80,7,150,-160,16616
201820234,2,2018,2,8/18/2018 8:00:00 PM,TB,TEN,30,14,-3.0,42.0,3,17,0,10,0,7,0,7,0,0,12,71,72,Scattered Clouds,71,2,138,-148,16629
201820210,2,2018,2,8/18/2018 9:05:00 PM,CHI,DEN,24,23,-3.0,43.5,0,10,0,14,0,5,15,3,0,0,13,55,58,Light Rain,58,3,140,-150,16620
201820229,2,2018,2,8/18/2018 10:00:00 PM,SEA,LAC,14,24,-3.0,40.0,6,0,0,8,0,7,7,7,3,0,43,71,72,Clear Sky,72,5,135,-145,16630
201820214,2,2018,2,8/20/2018 8:00:00 PM,BAL,IND,20,19,2.0,43.0,0,10,7,3,0,3,7,0,9,0,9,67,68,Moderate Rain,67,4,-128,118,16592
201820308,2,2018,3,8/23/2018 8:00:00 PM,PHI,CLE,0,5,-3.0,41.5,0,0,0,0,0,2,3,0,0,0,6,59,60,Clear Sky,60,4,160,-170,16593
201820305,2,2018,3,8/24/2018 7:30:00 PM,NE,CAR,14,25,1.5,43.5,0,3,0,11,0,6,3,9,7,0,26,60,62,Clear Sky,60,5,-120,110,16634
201820324,2,2018,3,8/24/2018 7:30:00 PM,NYG,NYJ,22,16,-2.5,40.5,7,12,0,3,0,7,6,0,3,0,3,65,67,Clear Sky,65,6,135,-145,16632
201820335,2,2018,3,8/24/2018 7:30:00 PM,DEN,WAS,29,17,-2.5,42.5,10,7,6,6,0,0,3,0,14,0,19,63,64,Clear Sky,63,5,135,-145,16633
201820320,2,2018,3,8/24/2018 8:00:00 PM,SEA,MIN,20,21,-3.0,37.5,0,10,3,7,0,0,6,0,15,0,42,59,61,Clear Sky,59,3,160,-170,16635
201820333,2,2018,3,8/24/2018 8:00:00 PM,DET,TB,33,30,-2.5,41.0,3,3,7,20,0,7,13,7,3,0,24,72,74,Clear Sky,74,3,125,-135,16594
201820325,2,2018,3,8/24/2018 10:30:00 PM,GB,OAK,6,13,-5.5,40.0,3,0,3,0,0,3,0,0,10,0,16,56,57,Light Rain,57,4,220,-240,16636
201820306,2,2018,3,8/25/2018 1:00:00 PM,KC,CHI,20,27,6.5,43.0,7,3,0,10,0,14,10,0,3,0,20,73,74,Clear Sky,73,4,-235,215,16637
201820332,2,2018,3,8/25/2018 4:00:00 PM,HOU,LAR,20,21,3.0,39.5,7,7,0,6,0,7,7,7,0,0,38,61,61,Clear Sky,61,0,-168,158,16638
201820328,2,2018,3,8/25/2018 4:00:00 PM,TEN,PIT,6,16,-4.0,42.5,0,0,0,6,0,7,3,6,0,0,8,66,68,Broken Clouds,66,4,160,-170,16639
201820314,2,2018,3,8/25/2018 4:30:00 PM,SF,IND,17,23,1.0,42.5,0,6,3,8,0,0,7,7,9,0,9,75,75,Scattered Clouds,75,9,-113,103,16640
201820315,2,2018,3,8/25/2018 7:00:00 PM,ATL,JAX,6,17,-4.0,37.5,3,3,0,0,0,0,10,0,7,0,10,77,78,Scattered Clouds,78,3,175,-190,16642
201820319,2,2018,3,8/25/2018 7:00:00 PM,BAL,MIA,27,10,-2.5,41.0,0,3,14,10,0,0,10,0,0,0,2,76,80,Clear Sky,76,8,130,-140,16641
201820329,2,2018,3,8/25/2018 8:00:00 PM,NO,LAC,36,7,1.5,42.5,0,14,8,14,0,7,0,0,0,0,43,70,71,Clear Sky,71,5,-118,108,16595
201820304,2,2018,3,8/26/2018 4:00:00 PM,CIN,BUF,26,13,-2.0,41.0,14,6,3,3,0,0,0,13,0,0,1,69,70,Light Rain,70,4,117,-127,16596
201820309,2,2018,3,8/26/2018 8:00:00 PM,ARI,DAL,27,3,3.0,38.5,14,3,7,3,0,0,0,0,3,0,17,85,85,Clear Sky,85,15,-145,135,16597
201820402,2,2018,4,8/30/2018 7:00:00 PM,MIA,ATL,34,7,2.5,36.5,21,3,7,3,0,0,7,0,0,0,45,71,73,Clear Sky,73,3,-133,123,16598
201820407,2,2018,4,8/30/2018 7:00:00 PM,IND,CIN,27,26,-2.5,34.0,0,7,7,13,0,7,13,3,3,0,5,67,68,Scattered Clouds,67,2,135,-145,16643
201820411,2,2018,4,8/30/2018 7:00:00 PM,CLE,DET,35,17,2.0,35.5,10,15,3,7,0,0,0,3,14,0,21,60,62,Clear Sky,60,4,-128,118,16644
201820423,2,2018,4,8/30/2018 7:00:00 PM,NE,NYG,17,12,-2.0,38.0,3,0,7,7,0,0,6,0,6,0,3,74,76,Scattered Clouds,74,7,118,-128,16645
201820426,2,2018,4,8/30/2018 7:00:00 PM,NYJ,PHI,9,10,1.5,34.0,3,0,3,3,0,0,0,3,7,0,18,74,75,Broken Clouds,74,5,-120,110,16646
201820403,2,2018,4,8/30/2018 7:30:00 PM,WAS,BAL,20,30,-5.0,35.5,0,7,7,6,0,7,6,14,3,0,7,77,78,Broken Clouds,78,3,210,-230,16602
201820428,2,2018,4,8/30/2018 7:30:00 PM,CAR,PIT,24,39,-2.5,36.5,0,7,3,14,0,14,11,7,7,0,8,67,69,Light Rain,69,2,132,-142,16647
201820433,2,2018,4,8/30/2018 7:30:00 PM,JAX,TB,25,10,1.0,34.0,3,0,19,3,0,0,10,0,0,0,24,74,75,Few Clouds,74,7,105,-115,16648
201820406,2,2018,4,8/30/2018 8:00:00 PM,BUF,CHI,28,27,-3.0,37.0,0,0,3,25,0,10,10,7,0,0,20,62,67,Clear Sky,62,8,135,-145,16599
201820413,2,2018,4,8/30/2018 8:00:00 PM,DAL,HOU,6,14,-4.5,35.0,3,0,0,3,0,7,0,0,7,0,11,74,77,Clear Sky,77,3,185,-200,16650
201820422,2,2018,4,8/30/2018 8:00:00 PM,LAR,NO,0,28,-5.5,34.0,0,0,0,0,0,6,9,7,6,0,27,79,82,Overcast Clouds,79,7,225,-245,16649
201820434,2,2018,4,8/30/2018 8:00:00 PM,MIN,TEN,13,3,1.5,36.5,0,3,3,7,0,3,0,0,0,0,12,72,75,Few Clouds,72,2,110,-120,16600
201820416,2,2018,4,8/30/2018 8:30:00 PM,GB,KC,21,33,-3.0,36.5,7,14,0,0,0,7,10,6,10,0,15,69,79,Scattered Clouds,69,14,158,-168,16651
201820401,2,2018,4,8/30/2018 10:00:00 PM,DEN,ARI,21,10,1.0,35.5,0,3,11,7,0,7,0,0,3,0,29,79,86,Clear Sky,86,3,-113,103,16652
201820430,2,2018,4,8/30/2018 10:00:00 PM,OAK,SEA,30,19,-3.5,34.5,7,10,6,7,0,0,13,0,6,0,31,61,62,Light Rain,61,5,170,-185,16653
201820431,2,2018,4,8/30/2018 10:00:00 PM,LAC,SF,23,21,-3.5,35.0,3,10,7,3,0,0,7,7,7,0,37,53,54,Clear Sky,54,2,158,-168,16601
201810126,1,2018,1,9/6/2018 8:20:00 PM,ATL,PHI,12,18,1.0,44.5,3,3,0,6,0,0,3,7,8,0,18,73,75,Broken Clouds,75,5,-105,-105,16654
201810103,1,2018,1,9/9/2018 1:00:00 PM,BUF,BAL,3,47,-7.5,38.5,0,0,3,0,0,14,12,14,7,0,7,65,70,Moderate Rain,65,14,310,-340,16662
201810108,1,2018,1,9/9/2018 1:00:00 PM,PIT,CLE,21,21,3.5,41.0,0,7,14,0,0,0,0,7,14,0,6,60,61,Heavy Intensity Rain,60,12,-170,160,16655
201810114,1,2018,1,9/9/2018 1:00:00 PM,CIN,IND,34,23,1.0,47.5,3,7,7,17,0,3,13,7,0,0,9,57,59,Light Rain,57,10,-112,102,16656
201810119,1,2018,1,9/9/2018 1:00:00 PM,TEN,MIA,20,27,1.0,43.5,3,0,0,17,0,0,7,3,17,0,2,74,75,Broken Clouds,74,3,-102,-108,16657
201810120,1,2018,1,9/9/2018 1:00:00 PM,SF,MIN,16,24,-6.0,46.5,0,3,10,3,0,3,7,14,0,0,42,55,58,Clear Sky,55,9,240,-260,16658
201810121,1,2018,1,9/9/2018 1:00:00 PM,HOU,NE,20,27,-6.0,49.0,3,3,7,7,0,7,14,3,3,0,4,56,57,Broken Clouds,56,5,225,-245,16659
201810122,1,2018,1,9/9/2018 1:00:00 PM,TB,NO,48,40,-10.0,50.0,14,17,10,7,0,10,14,0,16,0,27,78,80,Scattered Clouds,78,8,400,-450,16660
201810123,1,2018,1,9/9/2018 1:00:00 PM,JAX,NYG,20,15,2.5,42.5,3,10,0,7,0,3,3,3,6,0,3,58,65,Light Rain,58,15,-133,123,16661
201810129,1,2018,1,9/9/2018 4:05:00 PM,KC,LAC,38,28,-3.5,48.0,14,3,14,7,0,6,6,0,16,0,43,68,71,Clear Sky,71,4,170,-185,16663
201810101,1,2018,1,9/9/2018 4:25:00 PM,WAS,ARI,24,6,1.5,43.5,0,21,0,3,0,0,0,0,6,0,29,77,78,Clear Sky,77,4,111,-121,16665
201810105,1,2018,1,9/9/2018 4:25:00 PM,DAL,CAR,8,16,-2.5,42.0,0,0,0,8,0,0,10,0,6,0,26,71,71,Light Rain,71,4,135,-145,16666
201810110,1,2018,1,9/9/2018 4:25:00 PM,SEA,DEN,24,27,-3.0,42.5,7,3,7,7,0,7,10,3,7,0,13,55,61,Clear Sky,61,7,160,-170,16664
201810112,1,2018,1,9/9/2018 8:20:00 PM,CHI,GB,23,24,-6.5,45.0,7,10,3,3,0,0,0,3,21,0,22,47,48,Clear Sky,47,4,255,-280,16667
201810111,1,2018,1,9/10/2018 7:10:00 PM,NYJ,DET,48,17,-7.0,44.0,7,10,31,0,0,7,3,7,0,0,21,61,65,Light Rain,61,6,285,-315,16668
201810125,1,2018,1,9/10/2018 10:20:00 PM,LAR,OAK,33,13,6.0,47.5,7,3,10,13,0,7,6,0,0,0,16,56,59,Clear Sky,59,4,-250,230,16669
201810207,1,2018,2,9/13/2018 8:20:00 PM,BAL,CIN,23,34,1.0,43.0,0,14,3,6,0,14,14,0,6,0,5,66,66,Scattered Clouds,66,2,-104,-106,16670
201810202,1,2018,2,9/16/2018 1:00:00 PM,CAR,ATL,24,31,-5.5,43.5,3,7,0,14,0,3,14,7,7,0,45,66,71,Clear Sky,66,3,209,-234,16671
201810204,1,2018,2,9/16/2018 1:00:00 PM,LAC,BUF,31,20,7.5,41.5,14,14,0,3,0,0,6,7,7,0,1,67,69,Overcast Clouds,67,5,-307,270,16672
201810212,1,2018,2,9/16/2018 1:00:00 PM,MIN,GB,29,29,2.0,45.0,7,0,0,22,0,7,10,3,9,0,22,70,74,Broken Clouds,70,12,-120,109,16673
201810222,1,2018,2,9/16/2018 1:00:00 PM,CLE,NO,18,21,-9.5,51.0,3,3,6,6,0,3,0,0,18,0,27,81,82,Clear Sky,81,5,376,-439,16675
201810224,1,2018,2,9/16/2018 1:00:00 PM,MIA,NYJ,20,12,-3.0,43.0,7,13,0,0,0,0,0,6,6,0,3,67,67,Scattered Clouds,67,4,145,-161,16676
201810228,1,2018,2,9/16/2018 1:00:00 PM,KC,PIT,42,37,-4.5,52.0,21,0,14,7,0,0,21,7,9,0,8,71,71,Light Rain,71,6,181,-202,16677
201810233,1,2018,2,9/16/2018 1:00:00 PM,PHI,TB,21,27,3.0,46.5,0,7,7,7,0,7,13,7,0,0,24,77,78,Few Clouds,78,3,-147,133,16678
201810234,1,2018,2,9/16/2018 1:00:00 PM,HOU,TEN,17,20,3.5,41.0,0,7,3,7,0,14,0,0,6,0,12,72,72,Scattered Clouds,72,5,-176,159,16674
201810235,1,2018,2,9/16/2018 1:00:00 PM,IND,WAS,21,9,-6.0,48.0,7,7,0,7,0,0,3,3,3,0,19,72,74,Broken Clouds,72,9,213,-239,16679
201810232,1,2018,2,9/16/2018 4:05:00 PM,ARI,LAR,0,34,-13.5,43.5,0,0,0,0,0,0,19,8,7,0,38,53,58,Clear Sky,53,1,560,-687,16680
201810231,1,2018,2,9/16/2018 4:05:00 PM,DET,SF,27,30,-6.0,48.5,7,3,3,14,0,3,10,14,3,0,37,48,51,Clear Sky,51,3,210,-236,16681
201810210,1,2018,2,9/16/2018 4:25:00 PM,OAK,DEN,19,20,-5.5,44.0,3,9,7,0,0,0,0,10,10,0,13,68,72,Broken Clouds,72,8,209,-235,16682
201810215,1,2018,2,9/16/2018 4:25:00 PM,NE,JAX,20,31,2.0,44.5,0,3,7,10,0,14,7,3,7,0,10,77,80,Light Rain,77,6,-127,115,16683
201810209,1,2018,2,9/16/2018 8:20:00 PM,NYG,DAL,13,20,-3.0,42.0,0,0,3,10,0,10,0,3,7,0,17,75,77,Scattered Clouds,77,4,138,-152,16684
201810206,1,2018,2,9/17/2018 8:15:00 PM,SEA,CHI,17,24,-5.0,42.5,0,3,0,14,0,7,3,0,14,0,20,70,73,Few Clouds,70,3,209,-234,16685
201810308,1,2018,3,9/20/2018 8:20:00 PM,NYJ,CLE,17,21,-3.0,41.0,0,14,0,3,0,0,3,11,7,0,6,77,78,Few Clouds,78,10,163,-173,16686
201810302,1,2018,3,9/23/2018 1:00:00 PM,NO,ATL,43,37,1.5,54.0,7,9,7,14,6,7,7,7,16,0,45,72,73,Few Clouds,72,7,107,-117,16687
201810303,1,2018,3,9/23/2018 1:00:00 PM,DEN,BAL,14,27,-5.5,46.5,14,0,0,0,0,10,10,7,0,0,7,62,63,Light Rain,63,6,200,-220,16695
201810305,1,2018,3,9/23/2018 1:00:00 PM,CIN,CAR,21,31,-3.0,44.0,7,7,7,0,0,7,14,7,3,0,26,67,67,Light Rain,67,8,133,-143,16693
201810313,1,2018,3,9/23/2018 1:00:00 PM,NYG,HOU,27,22,-6.5,44.5,7,13,0,7,0,3,3,3,13,0,11,71,73,Clear Sky,73,6,235,-255,16696
201810315,1,2018,3,9/23/2018 1:00:00 PM,TEN,JAX,9,6,-10.0,39.5,3,0,3,3,0,0,3,0,3,0,10,78,79,Clear Sky,78,6,390,-440,16694
201810316,1,2018,3,9/23/2018 1:00:00 PM,SF,KC,27,38,-5.5,53.5,0,10,14,3,0,14,21,0,3,0,15,59,60,Clear Sky,60,6,225,-245,16688
201810319,1,2018,3,9/23/2018 1:00:00 PM,OAK,MIA,20,28,-2.5,46.0,7,3,7,3,0,0,7,7,14,0,2,81,81,Overcast Clouds,81,5,128,-138,16689
201810320,1,2018,3,9/23/2018 1:00:00 PM,BUF,MIN,27,6,-16.5,41.0,17,10,0,0,0,0,0,0,6,0,42,62,62,Scattered Clouds,62,14,950,-1150,16690
201810326,1,2018,3,9/23/2018 1:00:00 PM,IND,PHI,16,20,-6.0,45.0,7,0,6,3,0,7,3,3,7,0,18,61,61,Light Rain,61,4,248,-270,16691
201810335,1,2018,3,9/23/2018 1:00:00 PM,GB,WAS,17,31,2.0,46.5,0,10,7,0,0,14,14,0,3,0,19,62,63,Light Rain,63,6,-123,113,16692
201810332,1,2018,3,9/23/2018 4:05:00 PM,LAC,LAR,23,35,-7.0,49.0,6,7,7,3,0,14,7,14,0,0,38,60,61,Clear Sky,61,1,270,-300,16697
201810301,1,2018,3,9/23/2018 4:25:00 PM,CHI,ARI,16,14,5.5,38.5,0,3,10,3,0,14,0,0,0,0,29,76,85,Broken Clouds,85,1,-220,200,16698
201810330,1,2018,3,9/23/2018 4:25:00 PM,DAL,SEA,13,24,1.5,40.0,0,3,3,7,0,0,17,0,7,0,31,50,53,Scattered Clouds,50,2,108,-118,16699
201810311,1,2018,3,9/23/2018 8:20:00 PM,NE,DET,10,26,6.5,55.0,0,3,7,0,0,3,10,7,6,0,21,57,57,Clear Sky,57,11,-300,270,16700
201810333,1,2018,3,9/24/2018 8:15:00 PM,PIT,TB,30,27,1.0,55.0,6,24,0,0,0,7,3,3,14,0,24,73,74,Clear Sky,74,3,100,-110,16701
201810432,1,2018,4,9/27/2018 8:20:00 PM,MIN,LAR,31,38,-7.0,49.0,7,13,8,3,0,7,21,10,0,0,38,65,65,Scattered Clouds,65,1,260,-290,16702
201810402,1,2018,4,9/30/2018 1:00:00 PM,CIN,ATL,37,36,-3.5,52.5,14,14,0,9,0,7,17,3,9,0,45,71,73,Light Rain,71,8,165,-175,16703
201810406,1,2018,4,9/30/2018 1:00:00 PM,TB,CHI,10,48,-2.5,45.5,0,3,0,7,0,14,24,7,3,0,20,59,62,Moderate Rain,59,14,125,-135,16704
201810409,1,2018,4,9/30/2018 1:00:00 PM,DET,DAL,24,26,-2.5,44.0,7,3,0,14,0,3,10,7,6,0,17,72,73,Light Rain,73,8,120,-130,16705
201810412,1,2018,4,9/30/2018 1:00:00 PM,BUF,GB,0,22,-9.5,44.0,0,0,0,0,0,6,10,3,3,0,22,46,47,Light Rain,43,9,315,-345,16706
201810414,1,2018,4,9/30/2018 1:00:00 PM,HOU,IND,37,34,1.0,48.5,14,7,7,3,6,7,3,7,14,3,9,58,59,Clear Sky,59,5,-114,104,16708
201810415,1,2018,4,9/30/2018 1:00:00 PM,NYJ,JAX,12,31,-7.0,40.5,0,0,3,9,0,3,13,9,6,0,10,78,80,Overcast Clouds,78,11,295,-325,16710
201810421,1,2018,4,9/30/2018 1:00:00 PM,MIA,NE,7,38,-6.5,50.5,0,0,0,7,0,3,21,7,7,0,4,49,50,Clear Sky,50,2,255,-280,16709
201810434,1,2018,4,9/30/2018 1:00:00 PM,PHI,TEN,23,26,2.5,41.5,0,10,7,3,3,3,0,7,10,6,12,68,69,Scattered Clouds,69,6,-135,125,16707
201810401,1,2018,4,9/30/2018 4:05:00 PM,SEA,ARI,20,17,3.5,40.0,7,0,10,3,0,0,10,0,7,0,29,73,79,Light Rain,73,10,-185,170,16712
201810425,1,2018,4,9/30/2018 4:05:00 PM,CLE,OAK,42,45,-2.5,44.5,3,14,11,14,0,7,7,7,21,3,16,59,63,Overcast Clouds,63,2,123,-133,16711
201810429,1,2018,4,9/30/2018 4:25:00 PM,SF,LAC,27,29,-9.5,46.5,14,3,7,3,0,6,11,9,3,0,43,68,69,Few Clouds,69,3,370,-415,16714
201810423,1,2018,4,9/30/2018 4:25:00 PM,NO,NYG,33,18,3.0,52.0,0,12,7,14,0,7,0,3,8,0,3,60,61,Clear Sky,60,4,-162,152,16713
201810428,1,2018,4,9/30/2018 8:20:00 PM,BAL,PIT,26,14,-3.0,51.0,14,0,3,9,0,0,14,0,0,0,8,60,62,Scattered Clouds,60,5,145,-155,16715
201810410,1,2018,4,10/1/2018 8:15:00 PM,KC,DEN,27,23,3.5,53.0,3,7,3,14,0,3,10,7,3,0,13,45,51,Few Clouds,51,3,-180,168,16716
201810521,1,2018,5,10/4/2018 8:20:00 PM,IND,NE,24,38,-11.0,49.5,0,3,7,14,0,7,17,0,14,0,4,66,67,Light Rain,67,4,500,-600,16717
201810504,1,2018,5,10/7/2018 1:00:00 PM,TEN,BUF,12,13,6.5,38.0,3,3,0,6,0,7,0,3,3,0,1,55,59,Light Rain,55,4,-270,248,16718
201810505,1,2018,5,10/7/2018 1:00:00 PM,NYG,CAR,31,33,-6.5,43.5,3,10,3,15,0,7,13,0,13,0,26,69,70,Clear Sky,69,3,255,-280,16725
201810507,1,2018,5,10/7/2018 1:00:00 PM,MIA,CIN,17,27,-6.5,48.0,0,14,3,0,0,0,0,3,24,0,5,71,73,Scattered Clouds,71,4,240,-260,16719
201810508,1,2018,5,10/7/2018 1:00:00 PM,BAL,CLE,9,12,3.0,44.5,3,0,3,3,0,0,6,3,0,3,6,64,67,Broken Clouds,67,5,-162,152,16720
201810511,1,2018,5,10/7/2018 1:00:00 PM,GB,DET,23,31,1.0,50.0,0,0,14,9,0,14,10,0,7,0,21,58,59,Light Rain,59,6,102,-112,16721
201810516,1,2018,5,10/7/2018 1:00:00 PM,JAX,KC,14,30,-3.0,48.0,0,0,7,7,0,7,13,3,7,0,15,67,68,Moderate Rain,68,11,145,-155,16722
201810524,1,2018,5,10/7/2018 1:00:00 PM,DEN,NYJ,16,34,1.0,42.0,7,3,0,6,0,0,21,3,10,0,3,69,69,Few Clouds,69,4,-103,-107,16723
201810528,1,2018,5,10/7/2018 1:00:00 PM,ATL,PIT,17,41,-3.5,57.0,0,10,0,7,0,13,0,14,14,0,8,67,68,Few Clouds,68,2,165,-175,16724
201810529,1,2018,5,10/7/2018 4:05:00 PM,OAK,LAC,10,26,-4.5,51.5,0,3,0,7,0,3,14,3,6,0,43,63,66,Clear Sky,63,1,200,-220,16726
201810526,1,2018,5,10/7/2018 4:25:00 PM,MIN,PHI,23,21,-3.0,48.5,3,14,3,3,0,0,3,3,15,0,18,69,70,Moderate Rain,70,2,165,-175,16727
201810530,1,2018,5,10/7/2018 4:25:00 PM,LAR,SEA,33,31,7.5,50.5,7,10,7,9,0,7,10,14,0,0,31,48,52,Light Rain,52,3,-325,295,16729
201810531,1,2018,5,10/7/2018 4:25:00 PM,ARI,SF,28,18,-3.0,40.5,7,7,0,14,0,6,0,0,12,0,37,62,62,Clear Sky,62,7,146,-156,16728
201810513,1,2018,5,10/7/2018 8:20:00 PM,DAL,HOU,16,19,-3.0,45.5,6,0,7,3,0,0,10,3,3,3,11,80,80,Broken Clouds,80,10,155,-165,16730
201810522,1,2018,5,10/8/2018 8:15:00 PM,WAS,NO,19,43,-6.0,51.5,3,10,0,6,0,6,20,14,3,0,27,78,79,Light Rain,79,16,235,-255,16731
201810623,1,2018,6,10/11/2018 8:20:00 PM,PHI,NYG,34,13,1.5,45.5,14,10,7,3,0,3,3,7,0,0,3,67,69,Light Rain,67,7,-122,112,16732
201810602,1,2018,6,10/14/2018 1:00:00 PM,TB,ATL,29,34,-3.0,57.5,6,7,3,13,0,7,17,0,10,0,45,64,65,Few Clouds,64,8,143,-153,16733
201810607,1,2018,6,10/14/2018 1:00:00 PM,PIT,CIN,28,21,-2.0,49.5,0,14,3,11,0,7,7,0,7,0,5,59,61,Light Rain,59,7,113,-123,16734
201810608,1,2018,6,10/14/2018 1:00:00 PM,LAC,CLE,38,14,1.0,47.0,7,14,14,3,0,0,6,0,8,0,6,47,52,Light Rain,52,5,-105,-105,16735
201810613,1,2018,6,10/14/2018 1:00:00 PM,BUF,HOU,13,20,-10.0,40.5,0,0,6,7,0,7,3,0,10,0,11,77,78,Broken Clouds,77,8,405,-455,16741
201810619,1,2018,6,10/14/2018 1:00:00 PM,CHI,MIA,28,31,7.0,40.5,0,0,21,7,0,7,0,6,15,3,2,78,78,Few Clouds,78,10,-315,285,16737
201810620,1,2018,6,10/14/2018 1:00:00 PM,ARI,MIN,17,27,-9.5,43.5,3,7,0,7,0,10,3,14,0,0,42,30,32,Clear Sky,24,10,375,-420,16738
201810624,1,2018,6,10/14/2018 1:00:00 PM,IND,NYJ,34,42,-2.5,48.0,7,6,7,14,0,10,13,10,9,0,3,50,50,Few Clouds,49,3,125,-135,16739
201810625,1,2018,6,10/14/2018 1:00:00 PM,SEA,OAK,27,3,3.0,47.5,7,10,3,7,0,0,0,0,3,0,33,54,56,Light Rain,54,5,-145,135,16736
201810635,1,2018,6,10/14/2018 1:00:00 PM,CAR,WAS,17,23,1.0,44.5,0,6,3,8,0,14,3,0,6,0,19,57,57,Light Rain,57,4,-112,102,16740
201810610,1,2018,6,10/14/2018 4:05:00 PM,LAR,DEN,23,20,7.0,50.0,6,7,7,3,0,3,0,7,10,0,13,13,13,Light Snow,13,2,-305,275,16742
201810609,1,2018,6,10/14/2018 4:25:00 PM,JAX,DAL,7,40,3.0,40.0,0,0,7,0,0,10,14,6,10,0,17,47,51,Light Rain,38,27,-165,155,16743
201810634,1,2018,6,10/14/2018 4:25:00 PM,BAL,TEN,21,0,2.5,43.5,7,7,7,0,0,0,0,0,0,0,12,65,66,Light Rain,66,7,-128,118,16744
201810621,1,2018,6,10/14/2018 8:20:00 PM,KC,NE,40,43,-3.5,59.0,6,3,17,14,0,10,14,3,16,0,4,39,39,Clear Sky,39,2,170,-185,16745
201810612,1,2018,6,10/15/2018 8:15:00 PM,SF,GB,30,33,-9.0,46.5,14,10,3,3,0,17,3,3,10,0,22,32,33,Clear Sky,23,13,375,-420,16746
201810701,1,2018,7,10/18/2018 8:20:00 PM,DEN,ARI,45,10,1.0,42.0,21,14,7,3,0,3,0,7,0,0,29,54,57,Clear Sky,54,4,-105,-105,16747
201810729,1,2018,7,10/21/2018 9:30:00 AM,TEN,LAC,19,20,-6.5,46.0,3,3,7,6,0,10,0,7,3,0,33,44,44,Clear Sky,38,10,248,-270,16748
201810706,1,2018,7,10/21/2018 1:00:00 PM,NE,CHI,38,31,1.0,49.0,7,14,10,7,0,10,7,7,7,0,20,42,47,Clear Sky,34,16,-113,103,16749
201810714,1,2018,7,10/21/2018 1:00:00 PM,BUF,IND,5,37,-7.0,43.5,0,0,5,0,0,0,24,0,13,0,9,34,37,Clear Sky,31,8,260,-290,16750
201810715,1,2018,7,10/21/2018 1:00:00 PM,HOU,JAX,20,7,-4.0,43.0,6,7,7,0,0,0,0,7,0,0,10,64,65,Clear Sky,64,8,170,-185,16756
201810719,1,2018,7,10/21/2018 1:00:00 PM,DET,MIA,32,21,3.0,47.0,7,10,9,6,0,0,7,7,7,0,2,76,77,Light Rain,76,11,-155,145,16752
201810724,1,2018,7,10/21/2018 1:00:00 PM,MIN,NYJ,37,17,3.0,44.5,7,3,10,17,0,7,0,3,7,0,3,36,41,Clear Sky,30,7,-165,155,16753
201810726,1,2018,7,10/21/2018 1:00:00 PM,CAR,PHI,21,17,-4.5,45.0,0,0,0,21,0,0,10,7,0,0,18,32,33,Clear Sky,33,3,200,-220,16754
201810733,1,2018,7,10/21/2018 1:00:00 PM,CLE,TB,23,26,-3.5,52.0,2,0,7,14,0,3,13,7,0,3,24,65,66,Clear Sky,66,10,170,-185,16755
201810703,1,2018,7,10/21/2018 4:05:00 PM,NO,BAL,24,23,-2.5,49.5,0,7,0,17,0,0,10,7,6,0,7,37,39,Clear Sky,34,4,124,-134,16757
201810731,1,2018,7,10/21/2018 4:25:00 PM,LAR,SF,39,10,9.5,51.5,3,19,10,7,0,0,7,3,0,0,37,50,50,Clear Sky,50,4,-405,360,16759
201810735,1,2018,7,10/21/2018 4:25:00 PM,DAL,WAS,17,20,1.0,40.5,0,7,0,10,0,7,0,3,10,0,19,37,39,Clear Sky,33,4,-120,110,16758
201810716,1,2018,7,10/21/2018 8:20:00 PM,CIN,KC,10,45,-6.0,56.5,0,7,3,0,0,7,17,14,7,0,15,50,51,Clear Sky,51,14,240,-260,16751
201810702,1,2018,7,10/22/2018 8:15:00 PM,NYG,ATL,20,23,-4.0,52.5,0,3,3,14,0,0,10,0,13,0,45,48,48,Broken Clouds,47,4,185,-200,16760
201810813,1,2018,8,10/25/2018 8:20:00 PM,MIA,HOU,23,42,-7.5,45.0,7,3,10,3,0,7,7,14,14,0,11,57,57,Clear Sky,57,7,315,-345,16761
201810815,1,2018,8,10/28/2018 9:30:00 AM,PHI,JAX,24,18,3.5,44.5,0,10,7,7,0,3,3,6,6,0,33,33,36,Clear Sky,26,8,-190,175,16762
201810805,1,2018,8,10/28/2018 1:00:00 PM,BAL,CAR,21,36,2.5,44.5,7,0,7,7,0,7,17,3,9,0,26,56,58,Clear Sky,56,11,-137,127,16769
201810806,1,2018,8,10/28/2018 1:00:00 PM,NYJ,CHI,10,24,-9.0,42.0,0,3,0,7,0,7,0,7,10,0,20,47,49,Light Rain,41,16,320,-355,16763
201810807,1,2018,8,10/28/2018 1:00:00 PM,TB,CIN,34,37,-3.5,54.5,0,9,7,18,0,7,20,7,3,0,5,49,50,Light Rain,50,9,170,-185,16764
201810811,1,2018,8,10/28/2018 1:00:00 PM,SEA,DET,28,14,-3.0,48.0,0,21,0,7,0,7,0,0,7,0,21,42,42,Light Rain,36,12,150,-160,16765
201810816,1,2018,8,10/28/2018 1:00:00 PM,DEN,KC,23,30,-8.5,53.5,7,7,0,9,0,3,13,14,0,0,15,43,45,Clear Sky,41,6,335,-375,16766
201810823,1,2018,8,10/28/2018 1:00:00 PM,WAS,NYG,20,13,1.0,44.0,7,0,3,10,0,0,3,0,10,0,3,49,49,Light Rain,46,6,-105,-105,16767
201810828,1,2018,8,10/28/2018 1:00:00 PM,CLE,PIT,18,33,-9.0,47.5,6,0,6,6,0,0,14,9,10,0,8,43,44,Light Rain,39,7,348,-390,16768
201810825,1,2018,8,10/28/2018 4:05:00 PM,IND,OAK,42,28,3.0,51.0,10,3,8,21,0,0,14,14,0,0,16,59,59,Clear Sky,59,12,-178,167,16770
201810801,1,2018,8,10/28/2018 4:25:00 PM,SF,ARI,15,18,2.5,40.0,2,3,7,3,0,0,3,0,15,0,29,60,67,Few Clouds,67,3,-140,130,16772
201810832,1,2018,8,10/28/2018 4:25:00 PM,GB,LAR,27,29,-7.5,57.0,7,3,10,7,0,0,8,15,6,0,38,46,52,Few Clouds,46,1,315,-345,16771
201810820,1,2018,8,10/28/2018 8:20:00 PM,NO,MIN,30,20,2.5,54.0,7,10,10,3,0,7,6,0,7,0,42,37,40,Clear Sky,35,7,-131,121,16773
201810804,1,2018,8,10/29/2018 8:15:00 PM,NE,BUF,25,6,14.0,44.0,3,6,3,13,0,0,3,3,0,0,1,38,39,Clear Sky,33,7,-950,750,16774
201810931,1,2018,9,11/1/2018 8:20:00 PM,OAK,SF,3,34,2.0,44.0,3,0,0,0,0,7,10,14,3,0,37,46,50,Clear Sky,46,2,-125,115,16775
201810903,1,2018,9,11/4/2018 1:00:00 PM,PIT,BAL,23,16,1.0,47.0,7,7,6,3,0,3,3,7,3,0,7,49,52,Light Rain,52,9,105,-115,16782
201810904,1,2018,9,11/4/2018 1:00:00 PM,CHI,BUF,41,9,10.0,38.0,0,28,3,10,0,0,0,3,6,0,1,42,43,Broken Clouds,38,9,-450,400,16776
201810905,1,2018,9,11/4/2018 1:00:00 PM,TB,CAR,28,42,-6.5,56.0,0,14,7,7,0,14,21,0,7,0,26,57,59,Light Rain,57,10,260,-290,16781
201810908,1,2018,9,11/4/2018 1:00:00 PM,KC,CLE,37,21,7.5,51.0,7,14,13,3,0,3,12,0,6,0,6,48,51,Light Rain,51,12,-365,328,16777
201810919,1,2018,9,11/4/2018 1:00:00 PM,NYJ,MIA,6,13,-3.0,43.0,0,3,0,3,0,0,6,0,7,0,2,76,78,Few Clouds,78,9,138,-148,16778
201810920,1,2018,9,11/4/2018 1:00:00 PM,DET,MIN,9,24,-5.5,47.0,0,6,0,3,0,7,10,0,7,0,42,36,38,Light Rain,31,7,205,-225,16779
201810935,1,2018,9,11/4/2018 1:00:00 PM,ATL,WAS,38,14,1.0,46.5,7,14,7,10,0,0,7,7,0,0,19,49,53,Light Rain,53,9,103,-113,16780
201810910,1,2018,9,11/4/2018 4:05:00 PM,HOU,DEN,19,17,1.0,46.5,7,9,0,3,0,3,7,7,0,0,13,35,39,Clear Sky,33,7,-102,-108,16783
201810930,1,2018,9,11/4/2018 4:05:00 PM,LAC,SEA,25,17,1.0,48.5,6,13,0,6,0,7,3,0,7,0,31,50,51,Light Rain,51,10,-105,-105,16784
201810922,1,2018,9,11/4/2018 4:25:00 PM,LAR,NO,35,45,1.5,57.0,7,10,10,8,0,14,21,0,10,0,27,63,64,Few Clouds,64,7,-122,112,16785
201810921,1,2018,9,11/4/2018 8:20:00 PM,GB,NE,17,31,-4.5,56.5,3,7,7,0,0,7,10,0,14,0,4,35,35,Few Clouds,35,3,190,-210,16786
201810909,1,2018,9,11/5/2018 8:15:00 PM,TEN,DAL,28,14,-4.0,40.0,0,14,7,7,0,7,7,0,0,0,17,53,55,Clear Sky,55,4,190,-210,16787
201811028,1,2018,10,11/8/2018 8:20:00 PM,CAR,PIT,21,52,-3.5,51.0,7,7,0,7,0,21,10,14,7,0,8,34,34,Scattered Clouds,30,4,170,-185,16788
201811006,1,2018,10,11/11/2018 1:00:00 PM,DET,CHI,22,34,-7.5,45.0,0,7,3,12,0,13,13,8,0,0,20,32,33,Scattered Clouds,23,11,290,-320,16789
201811007,1,2018,10,11/11/2018 1:00:00 PM,NO,CIN,51,14,6.0,53.0,7,28,10,6,0,7,0,0,7,0,5,27,30,Few Clouds,30,3,-260,240,16790
201811008,1,2018,10,11/11/2018 1:00:00 PM,ATL,CLE,16,28,5.5,49.0,0,10,0,6,0,7,7,14,0,0,6,27,30,Clear Sky,23,6,-240,220,16791
201811014,1,2018,10,11/11/2018 1:00:00 PM,JAX,IND,26,29,-3.0,48.0,7,9,7,3,0,14,15,0,0,0,9,21,28,Clear Sky,28,3,148,-158,16794
201811016,1,2018,10,11/11/2018 1:00:00 PM,ARI,KC,14,26,-17.0,49.5,7,0,7,0,0,10,10,0,6,0,15,30,34,Light Rain,26,12,1150,-1450,16795
201811024,1,2018,10,11/11/2018 1:00:00 PM,BUF,NYJ,41,10,-7.0,37.5,14,17,7,3,0,0,3,7,0,0,3,33,33,Clear Sky,29,4,260,-290,16796
201811033,1,2018,10,11/11/2018 1:00:00 PM,WAS,TB,16,3,-3.5,51.0,3,3,0,10,0,0,3,0,0,0,24,70,72,Scattered Clouds,70,10,160,-170,16797
201811034,1,2018,10,11/11/2018 1:00:00 PM,NE,TEN,10,34,6.5,46.5,3,7,0,0,0,17,7,3,7,0,12,35,37,Broken Clouds,37,2,-260,240,16793
201811025,1,2018,10,11/11/2018 4:05:00 PM,LAC,OAK,20,6,10.0,50.5,0,10,7,3,0,3,0,0,3,0,16,48,50,Clear Sky,45,5,-475,420,16798
201811012,1,2018,10,11/11/2018 4:25:00 PM,MIA,GB,12,31,-12.5,48.5,3,6,3,0,0,7,7,14,3,0,22,20,23,Clear Sky,13,10,540,-660,16792
201811032,1,2018,10,11/11/2018 4:25:00 PM,SEA,LAR,31,36,-9.5,51.0,14,0,7,10,0,7,10,3,16,0,38,35,49,Clear Sky,49,3,380,-430,16799
201811026,1,2018,10,11/11/2018 8:20:00 PM,DAL,PHI,27,20,-7.5,45.5,3,10,0,14,0,0,3,10,7,0,18,23,28,Clear Sky,28,3,315,-345,16800
201811031,1,2018,10,11/12/2018 8:15:00 PM,NYG,SF,27,23,-3.0,45.0,7,3,10,7,0,3,10,7,3,0,37,37,44,Few Clouds,44,3,152,-162,16801
201811130,1,2018,11,11/15/2018 8:20:00 PM,GB,SEA,24,27,-3.0,49.0,14,7,0,3,0,3,14,0,10,0,31,47,51,Light Rain,51,5,145,-155,16802
201811102,1,2018,11,11/18/2018 1:00:00 PM,DAL,ATL,22,19,-3.5,49.5,3,0,3,16,0,0,6,3,10,0,45,36,38,Scattered Clouds,36,3,170,-185,16803
201811103,1,2018,11,11/18/2018 1:00:00 PM,CIN,BAL,21,24,-6.5,43.5,0,7,14,0,0,7,6,8,3,0,7,42,42,Broken Clouds,38,6,240,-260,16810
201811111,1,2018,11,11/18/2018 1:00:00 PM,CAR,DET,19,20,4.0,48.5,7,0,0,12,0,7,3,3,7,0,21,29,30,Light Snow,23,6,-200,185,16805
201811114,1,2018,11,11/18/2018 1:00:00 PM,TEN,IND,10,38,1.5,50.0,0,3,0,7,0,7,17,7,7,0,9,26,29,Light Snow,20,5,110,-120,16806
201811115,1,2018,11,11/18/2018 1:00:00 PM,PIT,JAX,20,16,4.0,47.0,0,0,6,14,0,0,9,7,0,0,10,59,60,Light Rain,59,5,-195,180,16813
201811123,1,2018,11,11/18/2018 1:00:00 PM,TB,NYG,35,38,-3.0,54.0,0,7,7,21,0,7,7,10,14,0,3,39,40,Few Clouds,35,6,153,-163,16808
201811135,1,2018,11,11/18/2018 1:00:00 PM,HOU,WAS,23,21,3.0,40.5,10,7,3,3,0,0,7,7,7,0,19,42,42,Broken Clouds,38,6,-157,147,16809
201811101,1,2018,11,11/18/2018 4:05:00 PM,OAK,ARI,23,21,-4.5,41.0,7,7,6,3,0,14,0,0,7,0,29,36,40,Clear Sky,36,2,185,-200,16811
201811129,1,2018,11,11/18/2018 4:05:00 PM,DEN,LAC,23,22,-7.0,47.0,0,7,7,9,0,6,7,6,3,0,43,60,61,Scattered Clouds,60,7,280,-310,16812
201811122,1,2018,11,11/18/2018 4:25:00 PM,PHI,NO,7,48,-7.0,56.5,0,7,0,0,0,10,14,14,10,0,27,56,57,Broken Clouds,56,3,270,-300,16807
201811106,1,2018,11,11/18/2018 8:20:00 PM,MIN,CHI,20,25,-2.5,44.0,0,0,3,17,0,3,11,0,11,0,20,26,26,Clear Sky,17,8,130,-140,16804
201811132,1,2018,11,11/19/2018 8:15:00 PM,KC,LAR,51,54,-3.0,63.5,7,16,7,21,0,13,10,17,14,0,38,50,56,Overcast Clouds,56,2,160,-170,16814
201811211,1,2018,12,11/22/2018 12:30:00 PM,CHI,DET,23,16,3.0,42.5,0,9,0,14,0,0,7,6,3,0,21,31,31,Light Snow,21,13,-165,155,16815
201811209,1,2018,12,11/22/2018 4:30:00 PM,WAS,DAL,23,31,-7.0,40.0,0,7,6,10,0,7,3,14,7,0,17,52,54,Overcast Clouds,54,14,290,-320,16816
201811222,1,2018,12,11/22/2018 8:20:00 PM,ATL,NO,17,31,-12.0,61.0,3,0,7,7,0,7,10,7,7,0,27,48,51,Clear Sky,44,7,500,-600,16817
201811203,1,2018,12,11/25/2018 1:00:00 PM,OAK,BAL,17,34,-12.5,42.0,7,3,7,0,0,3,10,7,14,0,7,39,44,Scattered Clouds,42,5,568,-700,16825
201811204,1,2018,12,11/25/2018 1:00:00 PM,JAX,BUF,21,24,3.0,36.5,0,14,0,7,0,14,0,0,10,0,1,30,38,Overcast Clouds,34,5,-157,147,16818
201811205,1,2018,12,11/25/2018 1:00:00 PM,SEA,CAR,30,27,-3.0,46.5,0,10,7,13,0,3,10,7,7,0,26,47,49,Light Rain,45,8,150,-160,16824
201811207,1,2018,12,11/25/2018 1:00:00 PM,CLE,CIN,35,20,1.0,47.0,14,14,7,0,0,0,7,7,6,0,5,48,49,Moderate Rain,44,10,-112,102,16819
201811224,1,2018,12,11/25/2018 1:00:00 PM,NE,NYJ,27,13,12.5,47.0,7,3,10,7,0,7,3,3,0,0,3,39,43,Light Rain,40,5,-660,540,16821
201811226,1,2018,12,11/25/2018 1:00:00 PM,NYG,PHI,22,25,-5.0,49.5,9,10,0,3,0,0,11,3,11,0,18,29,36,Scattered Clouds,36,2,190,-210,16822
201811233,1,2018,12,11/25/2018 1:00:00 PM,SF,TB,9,27,-2.0,54.5,0,6,3,0,0,7,6,7,7,0,24,66,66,Few Clouds,66,8,115,-125,16823
201811229,1,2018,12,11/25/2018 4:05:00 PM,ARI,LAC,10,45,-14.0,43.0,10,0,0,0,0,0,28,14,3,0,43,63,64,Clear Sky,63,8,725,-925,16826
201811210,1,2018,12,11/25/2018 4:25:00 PM,PIT,DEN,17,24,3.0,47.5,0,10,7,0,0,3,7,7,7,0,13,11,18,Clear Sky,18,3,-155,145,16827
201811214,1,2018,12,11/25/2018 4:25:00 PM,MIA,IND,24,27,-8.5,52.5,7,7,3,7,0,7,7,0,13,0,9,48,48,Moderate Rain,42,14,330,-370,16820
201811220,1,2018,12,11/25/2018 8:20:00 PM,GB,MIN,17,24,-3.5,48.5,7,7,0,3,0,7,7,10,0,0,42,16,17,Clear Sky,3,12,170,-185,16828
201811213,1,2018,12,11/26/2018 8:15:00 PM,TEN,HOU,17,34,-3.5,42.5,10,0,7,0,0,7,17,3,7,0,11,38,39,Few Clouds,34,8,170,-185,16829
201811309,1,2018,13,11/29/2018 8:20:00 PM,NO,DAL,10,13,7.0,51.5,0,0,10,0,0,10,3,0,0,0,17,48,56,Few Clouds,56,4,-335,305,16830
201811302,1,2018,13,12/2/2018 1:00:00 PM,BAL,ATL,26,16,-2.5,46.5,7,3,6,10,0,3,7,0,6,0,45,48,49,Clear Sky,46,5,125,-135,16831
201811307,1,2018,13,12/2/2018 1:00:00 PM,DEN,CIN,24,10,4.0,44.5,0,7,14,3,0,0,3,7,0,0,5,41,42,Broken Clouds,35,10,-190,175,16832
201811311,1,2018,13,12/2/2018 1:00:00 PM,LAR,DET,30,16,10.0,54.0,3,10,3,14,0,0,3,10,3,0,21,37,37,Light Rain,30,11,-450,400,16833
201811312,1,2018,13,12/2/2018 1:00:00 PM,ARI,GB,20,17,-13.0,41.0,0,7,10,3,0,0,10,0,7,0,22,32,32,Light Snow,20,18,610,-765,16834
201811313,1,2018,13,12/2/2018 1:00:00 PM,CLE,HOU,13,29,-5.5,47.5,0,0,7,6,0,10,13,3,3,0,11,49,54,Clear Sky,54,3,200,-220,16840
201811315,1,2018,13,12/2/2018 1:00:00 PM,IND,JAX,0,6,4.0,45.5,0,0,0,0,0,0,3,0,3,0,10,69,70,Moderate Rain,70,6,-205,188,16839
201811319,1,2018,13,12/2/2018 1:00:00 PM,BUF,MIA,17,21,-3.5,39.5,0,6,3,8,0,7,7,0,7,0,2,74,76,Scattered Clouds,76,7,175,-190,16835
201811323,1,2018,13,12/2/2018 1:00:00 PM,CHI,NYG,27,30,4.0,43.5,7,7,0,13,0,7,3,14,3,3,3,47,48,Clear Sky,47,2,-190,175,16836
201811333,1,2018,13,12/2/2018 1:00:00 PM,CAR,TB,17,24,3.5,51.5,7,0,10,0,0,10,7,7,0,0,24,72,73,Scattered Clouds,72,9,-178,167,16838
201811325,1,2018,13,12/2/2018 4:05:00 PM,KC,OAK,40,33,14.0,53.5,10,9,14,7,0,0,7,9,17,0,16,47,47,Broken Clouds,44,6,-900,700,16842
201811334,1,2018,13,12/2/2018 4:05:00 PM,NYJ,TEN,22,26,-9.5,40.0,10,6,6,0,0,0,6,7,13,0,12,43,45,Few Clouds,41,6,380,-430,16841
201811321,1,2018,13,12/2/2018 4:25:00 PM,MIN,NE,10,24,-6.0,49.0,0,7,3,0,0,7,3,7,7,0,4,46,52,Light Rain,44,5,220,-240,16843
201811330,1,2018,13,12/2/2018 4:25:00 PM,SF,SEA,16,43,-9.5,45.0,0,3,7,6,0,6,14,7,16,0,31,34,35,Clear Sky,31,3,390,-440,16844
201811328,1,2018,13,12/2/2018 8:20:00 PM,LAC,PIT,33,30,-3.0,53.5,7,0,8,18,0,13,10,0,7,0,8,48,50,Scattered Clouds,50,9,160,-170,16837
201811326,1,2018,13,12/3/2018 8:15:00 PM,WAS,PHI,13,28,-6.0,45.0,0,13,0,0,0,7,7,0,14,0,18,39,41,Few Clouds,36,8,220,-240,16845
201811434,1,2018,14,12/6/2018 8:20:00 PM,JAX,TEN,9,30,-5.5,37.0,2,0,7,0,0,7,9,14,0,0,12,31,36,Broken Clouds,36,3,215,-235,16846
201811404,1,2018,14,12/9/2018 1:00:00 PM,NYJ,BUF,27,23,-4.5,37.0,3,10,0,14,0,14,3,3,3,0,1,21,25,Clear Sky,20,4,188,-205,16847
201811408,1,2018,14,12/9/2018 1:00:00 PM,CAR,CLE,20,26,1.0,48.0,7,10,3,0,0,7,10,0,9,0,6,17,22,Clear Sky,14,6,-105,-105,16849
201811412,1,2018,14,12/9/2018 1:00:00 PM,ATL,GB,20,34,-4.0,50.5,7,0,0,13,0,7,13,14,0,0,22,6,17,Clear Sky,7,8,170,-185,16850
201811413,1,2018,14,12/9/2018 1:00:00 PM,IND,HOU,24,21,-4.0,49.0,0,17,7,0,0,7,0,7,7,0,11,40,43,Light Rain,39,8,180,-195,16855
201811416,1,2018,14,12/9/2018 1:00:00 PM,BAL,KC,24,27,-6.5,48.5,0,10,7,7,0,7,10,0,7,3,15,14,19,Clear Sky,19,3,245,-265,16851
201811419,1,2018,14,12/9/2018 1:00:00 PM,NE,MIA,33,34,9.5,49.5,6,21,0,6,0,7,14,7,6,0,2,70,71,Light Rain,70,8,-420,375,16852
201811433,1,2018,14,12/9/2018 1:00:00 PM,NO,TB,28,14,9.0,55.0,0,3,8,17,0,7,7,0,0,0,24,61,64,Light Rain,64,10,-410,365,16853
201811435,1,2018,14,12/9/2018 1:00:00 PM,NYG,WAS,40,16,3.0,40.0,7,27,6,0,0,0,0,0,16,0,19,31,32,Light Rain,24,9,-158,148,16854
201811429,1,2018,14,12/9/2018 4:05:00 PM,CIN,LAC,21,26,-16.5,48.5,3,9,0,9,0,7,10,3,6,0,43,58,60,Broken Clouds,58,8,950,-1150,16856
201811431,1,2018,14,12/9/2018 4:05:00 PM,DEN,SF,14,20,3.0,45.5,0,0,7,7,0,3,17,0,0,0,37,42,46,Light Rain,46,2,-152,142,16857
201811401,1,2018,14,12/9/2018 4:25:00 PM,DET,ARI,17,3,2.5,39.5,0,3,7,7,0,0,0,0,3,0,29,43,50,Clear Sky,47,7,-130,120,16859
201811409,1,2018,14,12/9/2018 4:25:00 PM,PHI,DAL,23,29,-3.0,45.5,0,0,6,17,0,3,3,3,14,6,17,29,33,Clear Sky,28,5,163,-173,16858
201811425,1,2018,14,12/9/2018 4:25:00 PM,PIT,OAK,21,24,9.5,51.0,0,14,0,7,0,7,3,0,14,0,16,45,46,Light Rain,43,6,-475,420,16860
201811406,1,2018,14,12/9/2018 8:20:00 PM,LAR,CHI,6,15,3.0,51.0,3,3,0,0,0,3,3,9,0,0,20,20,22,Clear Sky,11,7,-147,137,16848
201811430,1,2018,14,12/10/2018 8:15:00 PM,MIN,SEA,7,21,-3.0,45.5,0,0,0,7,0,0,3,0,18,0,31,41,42,Light Rain,38,6,146,-156,16861
201811516,1,2018,15,12/13/2018 8:20:00 PM,LAC,KC,29,28,-4.0,54.5,0,7,7,15,0,14,0,7,7,0,15,34,35,Light Rain,25,16,177,-192,16862
201811524,1,2018,15,12/15/2018 4:30:00 PM,HOU,NYJ,29,22,7.0,44.5,3,13,0,13,0,3,6,6,7,0,3,42,44,Light Rain,38,14,-300,270,16864
201811510,1,2018,15,12/15/2018 8:20:00 PM,CLE,DEN,17,16,-2.0,47.0,7,3,0,7,0,7,3,3,3,0,13,19,27,Clear Sky,22,4,115,-125,16863
201811502,1,2018,15,12/16/2018 1:00:00 PM,ARI,ATL,14,40,-9.0,43.5,7,0,0,7,0,10,16,7,7,0,45,45,47,Scattered Clouds,43,9,355,-400,16865
201811503,1,2018,15,12/16/2018 1:00:00 PM,TB,BAL,12,20,-8.5,44.5,0,9,3,0,0,0,10,7,3,0,7,39,39,Clear Sky,33,10,320,-355,16873
201811504,1,2018,15,12/16/2018 1:00:00 PM,DET,BUF,13,14,-2.5,39.5,0,13,0,0,0,0,7,0,7,0,1,35,38,Light Rain,33,6,135,-145,16866
201811506,1,2018,15,12/16/2018 1:00:00 PM,GB,CHI,17,24,-6.0,46.5,0,3,11,3,0,7,7,0,10,0,20,33,33,Clear Sky,24,13,210,-230,16867
201811507,1,2018,15,12/16/2018 1:00:00 PM,OAK,CIN,16,30,-3.0,45.5,0,7,6,3,0,7,13,0,10,0,5,34,35,Clear Sky,31,5,143,-153,16868
201811514,1,2018,15,12/16/2018 1:00:00 PM,DAL,IND,0,23,-3.0,47.0,0,0,0,0,0,7,3,10,3,0,9,30,32,Clear Sky,25,7,157,-167,16869
201811515,1,2018,15,12/16/2018 1:00:00 PM,WAS,JAX,16,13,-7.0,36.5,3,0,3,10,0,0,10,0,3,0,10,47,48,Clear Sky,44,6,275,-305,16872
201811520,1,2018,15,12/16/2018 1:00:00 PM,MIA,MIN,17,41,-8.0,45.0,0,10,7,0,0,21,0,3,17,0,42,20,26,Clear Sky,17,8,310,-340,16870
201811523,1,2018,15,12/16/2018 1:00:00 PM,TEN,NYG,17,0,2.5,42.0,7,0,7,3,0,0,0,0,0,0,3,37,39,Light Rain,30,11,-130,120,16871
201811531,1,2018,15,12/16/2018 4:05:00 PM,SEA,SF,23,26,4.0,44.0,6,7,0,10,0,7,10,3,3,3,37,52,54,Moderate Rain,54,2,-200,185,16874
201811528,1,2018,15,12/16/2018 4:25:00 PM,NE,PIT,10,17,2.5,55.5,7,0,3,0,0,7,7,0,3,0,8,40,40,Light Rain,36,6,-135,125,16875
201811532,1,2018,15,12/16/2018 8:20:00 PM,PHI,LAR,30,23,-13.5,52.5,3,10,17,0,0,7,6,0,10,0,38,43,52,Overcast Clouds,52,2,640,-810,16876
201811505,1,2018,15,12/17/2018 8:15:00 PM,NO,CAR,12,9,6.0,50.5,3,3,0,6,0,7,0,0,2,0,26,38,40,Clear Sky,35,7,-235,215,16877
201811634,1,2018,16,12/22/2018 4:30:00 PM,WAS,TEN,16,25,-12.0,38.0,3,7,3,3,0,6,3,0,16,0,12,36,37,Scattered Clouds,30,7,500,-600,16881
201811629,1,2018,16,12/22/2018 8:20:00 PM,BAL,LAC,22,10,-4.0,42.5,3,3,10,6,0,0,3,7,0,0,43,56,57,Clear Sky,56,3,190,-210,16889
201811605,1,2018,16,12/23/2018 1:00:00 PM,ATL,CAR,24,10,3.0,46.0,7,3,14,0,0,7,3,0,0,0,26,47,48,Light Rain,42,9,-148,138,16887
201811608,1,2018,16,12/23/2018 1:00:00 PM,CIN,CLE,18,26,-10.0,44.0,0,0,0,18,0,0,16,7,3,0,6,32,32,Clear Sky,24,9,355,-400,16878
201811609,1,2018,16,12/23/2018 1:00:00 PM,TB,DAL,20,27,-7.0,48.0,3,10,0,7,0,14,3,10,0,0,17,36,41,Clear Sky,41,3,295,-325,16879
201811611,1,2018,16,12/23/2018 1:00:00 PM,MIN,DET,27,9,6.5,42.5,0,14,3,10,0,3,6,0,0,0,21,26,29,Clear Sky,21,8,-270,248,16880
201811614,1,2018,16,12/23/2018 1:00:00 PM,NYG,IND,27,28,-9.5,48.0,14,3,7,3,0,0,7,14,7,0,9,26,28,Clear Sky,19,9,390,-440,16882
201811619,1,2018,16,12/23/2018 1:00:00 PM,JAX,MIA,17,7,-3.0,39.5,7,0,0,10,0,7,0,0,0,0,2,53,57,Clear Sky,57,4,155,-165,16883
201811621,1,2018,16,12/23/2018 1:00:00 PM,BUF,NE,12,24,-14.0,45.0,0,0,6,6,0,7,7,7,3,0,4,29,30,Broken Clouds,29,2,635,-800,16884
201811624,1,2018,16,12/23/2018 1:00:00 PM,GB,NYJ,44,38,3.0,47.0,0,17,3,18,6,7,14,14,3,0,3,36,38,Light Rain,35,4,-155,145,16885
201811626,1,2018,16,12/23/2018 1:00:00 PM,HOU,PHI,30,32,-2.0,46.5,0,16,0,14,0,7,6,10,9,0,18,34,39,Light Rain,39,3,112,-122,16886
201811601,1,2018,16,12/23/2018 4:05:00 PM,LAR,ARI,31,9,14.0,44.0,7,14,3,7,0,3,6,0,0,0,29,45,51,Scattered Clouds,51,3,-700,568,16888
201811631,1,2018,16,12/23/2018 4:05:00 PM,CHI,SF,14,9,3.5,43.5,0,7,7,0,0,0,9,0,0,0,37,44,47,Light Rain,47,2,-185,170,16890
201811622,1,2018,16,12/23/2018 4:25:00 PM,PIT,NO,28,31,-6.5,53.5,3,11,14,0,0,7,10,7,7,0,27,53,56,Clear Sky,56,11,245,-265,16891
201811630,1,2018,16,12/23/2018 8:20:00 PM,KC,SEA,31,38,1.0,54.5,3,7,7,14,0,7,7,10,14,0,31,43,43,Light Rain,40,5,-112,102,16892
201811625,1,2018,16,12/24/2018 8:15:00 PM,DEN,OAK,14,27,1.5,42.5,0,0,7,7,0,7,10,0,10,0,16,52,54,Light Rain,54,14,-123,113,16893
201811704,1,2018,17,12/30/2018 1:00:00 PM,MIA,BUF,17,42,-5.5,39.5,0,14,3,0,0,14,0,14,14,0,1,27,28,Few Clouds,22,6,220,-240,16894
201811712,1,2018,17,12/30/2018 1:00:00 PM,DET,GB,31,0,-7.5,44.5,7,14,3,7,0,0,0,0,0,0,22,26,28,Broken Clouds,19,9,280,-310,16895
201811713,1,2018,17,12/30/2018 1:00:00 PM,JAX,HOU,3,20,-7.0,39.5,3,0,0,0,0,3,14,0,3,0,11,47,49,Light Rain,47,3,275,-305,16906
201811721,1,2018,17,12/30/2018 1:00:00 PM,NYJ,NE,3,38,-13.5,46.5,3,0,0,0,0,7,14,7,10,0,4,20,24,Clear Sky,24,2,635,-800,16899
201811722,1,2018,17,12/30/2018 1:00:00 PM,CAR,NO,33,14,-7.5,41.5,13,10,7,3,0,0,0,0,14,0,27,65,70,Light Rain,70,11,295,-325,16900
201811723,1,2018,17,12/30/2018 1:00:00 PM,DAL,NYG,36,35,-7.5,38.5,0,14,7,15,0,0,7,11,17,0,3,32,34,Clear Sky,29,6,280,-310,16901
201811733,1,2018,17,12/30/2018 1:00:00 PM,ATL,TB,34,32,2.5,52.0,0,7,17,10,0,7,10,3,12,0,24,65,70,Clear Sky,65,10,-140,130,16903
201811703,1,2018,17,12/30/2018 4:25:00 PM,CLE,BAL,24,26,-7.0,41.0,7,0,7,10,0,10,10,3,3,0,7,32,34,Scattered Clouds,31,3,260,-290,16905
201811710,1,2018,17,12/30/2018 4:25:00 PM,LAC,DEN,23,9,6.5,43.5,0,7,7,9,0,0,3,0,6,0,13,10,22,Clear Sky,18,3,-290,260,16907
201811716,1,2018,17,12/30/2018 4:25:00 PM,OAK,KC,3,35,-14.0,53.0,0,3,0,0,0,14,7,7,7,0,15,35,37,Light Rain,30,9,700,-900,16897
201811732,1,2018,17,12/30/2018 4:25:00 PM,SF,LAR,32,48,-10.5,50.0,3,7,7,15,0,14,17,14,3,0,38,30,42,Clear Sky,42,2,390,-440,16908
201811720,1,2018,17,12/30/2018 4:25:00 PM,CHI,MIN,24,10,-5.5,39.5,7,6,0,11,0,0,3,7,0,0,42,31,32,Light Rain,25,7,215,-235,16898
201811728,1,2018,17,12/30/2018 4:25:00 PM,CIN,PIT,13,16,-13.5,46.0,0,10,0,3,0,0,3,7,6,0,8,27,31,Scattered Clouds,27,4,575,-710,16902
201811730,1,2018,17,12/30/2018 4:25:00 PM,ARI,SEA,24,27,-15.0,40.0,3,10,8,3,0,7,7,7,6,0,31,35,40,Clear Sky,36,6,675,-860,16909
201811735,1,2018,17,12/30/2018 4:25:00 PM,PHI,WAS,24,0,6.0,43.0,3,7,7,7,0,0,0,0,0,0,19,32,33,Scattered Clouds,30,3,-240,220,16904
201811734,1,2018,17,12/30/2018 8:20:00 PM,IND,TEN,33,17,5.5,42.5,7,10,7,9,0,0,10,7,0,0,12,50,51,Light Rain,51,7,-235,215,16896
201830113,3,2018,1,1/5/2019 4:35:00 PM,IND,HOU,21,7,1.5,49.0,14,7,0,0,0,0,0,0,7,0,11,43,46,Clear Sky,44,4,110,-120,16914
201830109,3,2018,1,1/5/2019 8:15:00 PM,SEA,DAL,22,24,-2.5,43.5,0,6,8,8,0,3,7,0,14,0,17,46,51,Few Clouds,51,12,130,-140,16911
201830103,3,2018,1,1/6/2019 1:05:00 PM,LAC,BAL,23,17,-2.5,42.5,6,6,0,11,0,0,0,3,14,0,7,32,34,Clear Sky,28,7,133,-143,16912
201830106,3,2018,1,1/6/2019 4:40:00 PM,PHI,CHI,16,15,-6.5,42.0,3,0,7,6,0,0,6,0,9,0,20,38,40,Light Rain,29,24,248,-270,16913
201830216,3,2018,2,1/12/2019 4:35:00 PM,IND,KC,13,31,-4.5,55.0,0,7,0,6,0,14,10,0,7,0,15,30,30,Light Snow,20,11,185,-200,16915
201830232,3,2018,2,1/12/2019 8:15:00 PM,DAL,LAR,22,30,-7.0,48.0,7,0,8,7,0,3,17,3,7,0,38,36,44,Clear Sky,43,3,290,-320,16917
201830221,3,2018,2,1/13/2019 1:05:00 PM,LAC,NE,28,41,-3.5,47.5,7,0,7,14,0,14,21,3,3,0,4,17,24,Clear Sky,16,6,170,-185,16916
201830222,3,2018,2,1/13/2019 4:40:00 PM,PHI,NO,14,20,-8.5,52.5,14,0,0,0,0,0,10,7,3,0,27,43,47,Clear Sky,37,11,320,-355,16918
201830322,3,2018,3,1/20/2019 3:05:00 PM,LAR,NO,26,23,-3.0,55.0,0,10,7,6,3,13,0,7,3,0,27,39,42,Clear Sky,32,10,148,-158,16920
201830316,3,2018,3,1/20/2019 6:40:00 PM,NE,KC,37,31,-3.0,56.0,7,7,3,14,6,0,0,7,24,0,15,9,15,Few Clouds,3,11,155,-165,16919
201850137,5,2018,1,1/27/2019 3:00:00 PM,AFC,NFC,26,7,0.0,,7,10,3,6,0,0,0,0,7,0,39,59,60,Heavy Intensity Rain,59,18,-110,-110,16910
201830432,3,2018,4,2/3/2019 6:30:00 PM,NE,LAR,13,3,2.0,55.5,0,3,0,10,0,0,0,3,0,0,45,39,40,Clear Sky,40,3,-127,117,16921
